msg,ts,sample
HIGHRES_IMU,184436141,-9.3403
HIGHRES_IMU,184443138,-9.3403
HIGHRES_IMU,184450089,-9.3403
HIGHRES_IMU,184456974,-8.3563
HIGHRES_IMU,184470889,-9.4939
HIGHRES_IMU,184477830,-9.3536
HIGHRES_IMU,184484844,-9.3510
HIGHRES_IMU,184491728,-9.3839
HIGHRES_IMU,184519653,-9.3313
HIGHRES_IMU,184547361,-9.3379
HIGHRES_IMU,184561118,-9.5048
HIGHRES_IMU,184588995,-9.8323
HIGHRES_IMU,184616788,-9.9903
HIGHRES_IMU,184651513,-10.0763
HIGHRES_IMU,184679333,-10.1041
HIGHRES_IMU,184686261,-10.1058
HIGHRES_IMU,184700144,-10.1137
HIGHRES_IMU,184727926,-10.1187
HIGHRES_IMU,184741837,-10.1193
HIGHRES_IMU,184748724,-10.1193
HIGHRES_IMU,184762612,-10.1189
HIGHRES_IMU,184776510,-10.1181
HIGHRES_IMU,184783422,-10.1176
HIGHRES_IMU,184797270,-10.1163
HIGHRES_IMU,184804366,-10.1156
HIGHRES_IMU,184811334,-10.1149
HIGHRES_IMU,184818146,-10.1142
HIGHRES_IMU,184832027,-10.1118
HIGHRES_IMU,184839007,-10.1126
HIGHRES_IMU,184845927,-10.1110
HIGHRES_IMU,184853000,-10.1097
HIGHRES_IMU,184866916,-10.1085
HIGHRES_IMU,184873724,-10.1077
HIGHRES_IMU,184880700,-10.1069
HIGHRES_IMU,184887592,-10.1060
HIGHRES_IMU,184901505,-10.1044
HIGHRES_IMU,184908574,-10.1035
HIGHRES_IMU,184915415,-10.1027
HIGHRES_IMU,184922366,-10.1019
HIGHRES_IMU,184936234,-10.1002
HIGHRES_IMU,184943224,-10.0994
HIGHRES_IMU,184950172,-10.0986
HIGHRES_IMU,184957084,-10.0977
HIGHRES_IMU,184970945,-10.0961
HIGHRES_IMU,184977905,-10.0953
HIGHRES_IMU,184984870,-10.0945
HIGHRES_IMU,184991809,-10.0937
HIGHRES_IMU,184998722,-10.0929
HIGHRES_IMU,185012630,-10.0913
HIGHRES_IMU,185019590,-10.0905
HIGHRES_IMU,185026558,-10.0898
HIGHRES_IMU,185040349,-10.0882
HIGHRES_IMU,185047324,-10.0874
HIGHRES_IMU,185054313,-10.0866
HIGHRES_IMU,185061187,-10.0859
HIGHRES_IMU,185075102,-10.0832
HIGHRES_IMU,185082055,-10.0847
HIGHRES_IMU,185088992,-10.0828
HIGHRES_IMU,185095921,-10.0821
HIGHRES_IMU,185109837,-10.0809
HIGHRES_IMU,185116790,-10.0799
HIGHRES_IMU,185123770,-10.0791
HIGHRES_IMU,185137642,-10.0776
HIGHRES_IMU,185144554,-10.0769
HIGHRES_IMU,185151597,-10.0729
HIGHRES_IMU,185165498,-10.0747
HIGHRES_IMU,185172496,-10.0740
HIGHRES_IMU,185179308,-10.0733
HIGHRES_IMU,185186260,-10.0726
HIGHRES_IMU,185200339,-10.0712
HIGHRES_IMU,185207125,-10.0705
HIGHRES_IMU,185214068,-10.0698
HIGHRES_IMU,185220992,-10.0691
HIGHRES_IMU,185234901,-10.0677
HIGHRES_IMU,185241790,-10.0670
HIGHRES_IMU,185248800,-10.0664
HIGHRES_IMU,185255746,-10.0657
HIGHRES_IMU,185269636,-10.0643
HIGHRES_IMU,185276588,-10.0637
HIGHRES_IMU,185283570,-10.0630
HIGHRES_IMU,185290461,-10.0624
HIGHRES_IMU,185304339,-10.0610
HIGHRES_IMU,185311287,-10.0604
HIGHRES_IMU,185318232,-10.0597
HIGHRES_IMU,185332083,-10.0584
HIGHRES_IMU,185339105,-10.0577
HIGHRES_IMU,185346319,-10.0571
HIGHRES_IMU,185359928,-10.0558
HIGHRES_IMU,185366834,-10.0552
HIGHRES_IMU,185373815,-10.0546
HIGHRES_IMU,185380783,-10.0539
HIGHRES_IMU,185387765,-10.0533
HIGHRES_IMU,185401576,-10.0511
HIGHRES_IMU,185408647,-10.0523
HIGHRES_IMU,185415497,-10.0508
HIGHRES_IMU,185422471,-10.0502
HIGHRES_IMU,185436323,-10.0489
HIGHRES_IMU,185443240,-10.0484
HIGHRES_IMU,185450221,-10.0477
HIGHRES_IMU,185457154,-10.0471
HIGHRES_IMU,185471081,-10.0459
HIGHRES_IMU,185478005,-10.0419
HIGHRES_IMU,185484964,-10.0482
HIGHRES_IMU,185491932,-10.0441
HIGHRES_IMU,185505737,-10.0429
HIGHRES_IMU,185512749,-10.0423
HIGHRES_IMU,185519686,-10.0418
HIGHRES_IMU,185526596,-10.0412
HIGHRES_IMU,185540483,-10.0400
HIGHRES_IMU,185547451,-10.0394
HIGHRES_IMU,185554504,-10.0389
HIGHRES_IMU,185561498,-10.0383
HIGHRES_IMU,185575244,-10.0371
HIGHRES_IMU,185582205,-10.0366
HIGHRES_IMU,185589144,-10.0360
HIGHRES_IMU,185596106,-10.0354
HIGHRES_IMU,185603109,-10.0349
HIGHRES_IMU,185617106,-10.0337
HIGHRES_IMU,185623837,-10.0332
HIGHRES_IMU,185630777,-10.0326
HIGHRES_IMU,185644673,-10.0315
HIGHRES_IMU,185651603,-10.0309
HIGHRES_IMU,185658758,-10.0303
HIGHRES_IMU,185665463,-10.0299
HIGHRES_IMU,185679393,-10.0286
HIGHRES_IMU,185686412,-10.0283
HIGHRES_IMU,185693427,-10.0240
HIGHRES_IMU,185700204,-10.0308
HIGHRES_IMU,185714195,-10.0260
HIGHRES_IMU,185721088,-10.0255
HIGHRES_IMU,185728020,-10.0249
HIGHRES_IMU,185742002,-10.0236
HIGHRES_IMU,185748877,-10.0235
HIGHRES_IMU,185755816,-10.0227
HIGHRES_IMU,185762724,-10.0222
HIGHRES_IMU,185776681,-10.0212
HIGHRES_IMU,185783600,-10.0206
HIGHRES_IMU,185790534,-10.0201
HIGHRES_IMU,185797440,-10.0196
HIGHRES_IMU,185811414,-10.0166
HIGHRES_IMU,185818467,-10.0199
HIGHRES_IMU,185825325,-10.0175
HIGHRES_IMU,185839192,-10.0164
HIGHRES_IMU,185846132,-10.0159
HIGHRES_IMU,185853134,-10.0154
HIGHRES_IMU,185860043,-10.0148
HIGHRES_IMU,185873907,-10.0127
HIGHRES_IMU,185880921,-10.0144
HIGHRES_IMU,185887776,-10.0128
HIGHRES_IMU,185894722,-10.0122
HIGHRES_IMU,185908622,-10.0124
HIGHRES_IMU,185915641,-10.0107
HIGHRES_IMU,185922562,-10.0102
HIGHRES_IMU,185936425,-10.0100
HIGHRES_IMU,185943410,-10.0086
HIGHRES_IMU,185950329,-10.0081
HIGHRES_IMU,185957304,-10.0076
HIGHRES_IMU,185971163,-10.0066
HIGHRES_IMU,185978101,-10.0053
HIGHRES_IMU,185985043,-10.0063
HIGHRES_IMU,185992046,-10.0050
HIGHRES_IMU,186005910,-10.0040
HIGHRES_IMU,186012843,-10.0035
HIGHRES_IMU,186019747,-10.0030
HIGHRES_IMU,186033624,-10.0020
HIGHRES_IMU,186040598,-10.0015
HIGHRES_IMU,186047545,-10.0009
HIGHRES_IMU,186054538,-10.0005
HIGHRES_IMU,186068390,-9.9994
HIGHRES_IMU,186075335,-9.9989
HIGHRES_IMU,186082292,-9.9984
HIGHRES_IMU,186089278,-9.9979
HIGHRES_IMU,186103153,-9.9948
HIGHRES_IMU,186110102,-9.9985
HIGHRES_IMU,186117101,-9.9955
HIGHRES_IMU,186124038,-9.9957
HIGHRES_IMU,186137892,-9.9944
HIGHRES_IMU,186144838,-9.9938
HIGHRES_IMU,186151730,-9.9933
HIGHRES_IMU,186158680,-9.9928
HIGHRES_IMU,186172569,-9.9918
HIGHRES_IMU,186179532,-9.9913
HIGHRES_IMU,186186480,-9.9908
HIGHRES_IMU,186200334,-9.9898
HIGHRES_IMU,186207296,-9.9893
HIGHRES_IMU,186214257,-9.9887
HIGHRES_IMU,186221245,-9.9882
HIGHRES_IMU,186235093,-9.9872
HIGHRES_IMU,186242036,-9.9867
HIGHRES_IMU,186248979,-9.9862
HIGHRES_IMU,186255937,-9.9857
HIGHRES_IMU,186269762,-9.9847
HIGHRES_IMU,186276714,-9.9841
HIGHRES_IMU,186283707,-9.9836
HIGHRES_IMU,186297556,-9.9826
HIGHRES_IMU,186304557,-9.9821
HIGHRES_IMU,186311445,-9.9816
HIGHRES_IMU,186318458,-9.9811
HIGHRES_IMU,186332357,-9.9800
HIGHRES_IMU,186339233,-9.9795
HIGHRES_IMU,186346203,-9.9790
HIGHRES_IMU,186353135,-9.9785
HIGHRES_IMU,186367055,-9.9774
HIGHRES_IMU,186373976,-9.9769
HIGHRES_IMU,186380978,-9.9764
HIGHRES_IMU,186387870,-9.9759
HIGHRES_IMU,186401863,-9.9749
HIGHRES_IMU,186408801,-9.9736
HIGHRES_IMU,186415710,-9.9746
HIGHRES_IMU,186422609,-9.9733
HIGHRES_IMU,186436518,-9.9722
HIGHRES_IMU,186443475,-9.9717
HIGHRES_IMU,186450339,-9.9712
HIGHRES_IMU,186464249,-9.9701
HIGHRES_IMU,186471199,-9.9696
HIGHRES_IMU,186478134,-9.9691
HIGHRES_IMU,186485068,-9.9685
HIGHRES_IMU,186498914,-9.9675
HIGHRES_IMU,186506019,-9.9669
HIGHRES_IMU,186513144,-9.9664
HIGHRES_IMU,186519843,-9.9659
HIGHRES_IMU,186533859,-9.9648
HIGHRES_IMU,186540666,-9.9643
HIGHRES_IMU,186547689,-9.9637
HIGHRES_IMU,186554544,-9.9632
HIGHRES_IMU,186561775,-9.9627
HIGHRES_IMU,186575386,-9.9616
HIGHRES_IMU,186582367,-9.9611
HIGHRES_IMU,186589307,-9.9605
HIGHRES_IMU,186603173,-9.9594
HIGHRES_IMU,186610086,-9.9589
HIGHRES_IMU,186617064,-9.9584
HIGHRES_IMU,186624027,-9.9578
HIGHRES_IMU,186637926,-9.9578
HIGHRES_IMU,186644824,-9.9562
HIGHRES_IMU,186651757,-9.9556
HIGHRES_IMU,186658745,-9.9551
HIGHRES_IMU,186672666,-9.9540
HIGHRES_IMU,186679603,-9.9534
HIGHRES_IMU,186686488,-9.9528
HIGHRES_IMU,186693505,-9.9523
HIGHRES_IMU,186707287,-9.9512
HIGHRES_IMU,186714223,-9.9506
HIGHRES_IMU,186721230,-9.9501
HIGHRES_IMU,186728173,-9.9495
HIGHRES_IMU,186742097,-9.9484
HIGHRES_IMU,186749060,-9.9478
HIGHRES_IMU,186755947,-9.9473
HIGHRES_IMU,186769828,-9.9462
HIGHRES_IMU,186776789,-9.9456
HIGHRES_IMU,186783748,-9.9450
HIGHRES_IMU,186790694,-9.9445
HIGHRES_IMU,186804578,-9.9433
HIGHRES_IMU,186811503,-9.9427
HIGHRES_IMU,186818428,-9.9421
HIGHRES_IMU,186825398,-9.9416
HIGHRES_IMU,186839269,-9.9405
HIGHRES_IMU,186846246,-9.9398
HIGHRES_IMU,186853198,-9.9393
HIGHRES_IMU,186860116,-9.9387
HIGHRES_IMU,186874020,-9.9376
HIGHRES_IMU,186880898,-9.9370
HIGHRES_IMU,186887893,-9.9364
HIGHRES_IMU,186894891,-9.9358
HIGHRES_IMU,186908692,-9.9346
HIGHRES_IMU,186915675,-9.9340
HIGHRES_IMU,186922619,-9.9334
HIGHRES_IMU,186936536,-9.9323
HIGHRES_IMU,186943522,-9.9317
HIGHRES_IMU,186950403,-9.9311
HIGHRES_IMU,186957329,-9.9305
HIGHRES_IMU,186971214,-9.9293
HIGHRES_IMU,186978131,-9.9287
HIGHRES_IMU,186985076,-9.9281
HIGHRES_IMU,186992135,-9.9231
HIGHRES_IMU,186999028,-9.9313
HIGHRES_IMU,187012921,-9.9257
HIGHRES_IMU,187019892,-9.9251
HIGHRES_IMU,187026842,-9.9241
HIGHRES_IMU,187040698,-9.9233
HIGHRES_IMU,187047655,-9.9227
HIGHRES_IMU,187054575,-9.9220
HIGHRES_IMU,187061513,-9.9215
HIGHRES_IMU,187075522,-9.9202
HIGHRES_IMU,187082384,-9.9196
HIGHRES_IMU,187089371,-9.9190
HIGHRES_IMU,187096251,-9.9184
HIGHRES_IMU,187110213,-9.9172
HIGHRES_IMU,187117104,-9.9165
HIGHRES_IMU,187124174,-9.9159
HIGHRES_IMU,187137995,-9.9141
HIGHRES_IMU,187144908,-9.9147
HIGHRES_IMU,187151813,-9.9134
HIGHRES_IMU,187165696,-9.9122
HIGHRES_IMU,187172731,-9.9115
HIGHRES_IMU,187179611,-9.9109
HIGHRES_IMU,187186636,-9.9103
HIGHRES_IMU,187200603,-9.9094
HIGHRES_IMU,187207438,-9.9084
HIGHRES_IMU,187214360,-9.9078
HIGHRES_IMU,187228182,-9.9065
HIGHRES_IMU,187235176,-9.9059
HIGHRES_IMU,187242111,-9.9052
HIGHRES_IMU,187255984,-9.9039
HIGHRES_IMU,187262931,-9.9033
HIGHRES_IMU,187269860,-9.9027
HIGHRES_IMU,187276867,-9.9020
HIGHRES_IMU,187290721,-9.9007
HIGHRES_IMU,187297648,-9.9001
HIGHRES_IMU,187304626,-9.8994
HIGHRES_IMU,187311593,-9.8988
HIGHRES_IMU,187325468,-9.8975
HIGHRES_IMU,187332439,-9.8968
HIGHRES_IMU,187339386,-9.8962
HIGHRES_IMU,187346286,-9.8955
HIGHRES_IMU,187360138,-9.8942
HIGHRES_IMU,187367118,-9.8936
HIGHRES_IMU,187374186,336.8946
HIGHRES_IMU,187381214,-10.1619
HIGHRES_IMU,187421359,-10.1636
HIGHRES_IMU,187428533,-10.1665
HIGHRES_IMU,187435537,-10.1437
HIGHRES_IMU,187442468,-10.1139
HIGHRES_IMU,187456367,-10.1126
HIGHRES_IMU,187463286,-10.1121
HIGHRES_IMU,187470300,-10.1117
HIGHRES_IMU,187477261,-10.1114
HIGHRES_IMU,187491116,-10.1108
HIGHRES_IMU,187498077,-10.1105
HIGHRES_IMU,187505248,-10.1103
HIGHRES_IMU,187518891,-10.1098
HIGHRES_IMU,187525910,-10.1074
HIGHRES_IMU,187532763,-10.1118
HIGHRES_IMU,187539732,-10.1093
HIGHRES_IMU,187546730,-10.1092
HIGHRES_IMU,187560587,-10.1090
HIGHRES_IMU,187567557,-10.1090
HIGHRES_IMU,187574513,-10.1089
HIGHRES_IMU,187588350,-10.1089
HIGHRES_IMU,187595294,-10.1089
HIGHRES_IMU,187602270,-10.1089
HIGHRES_IMU,187609180,-10.1089
HIGHRES_IMU,187623149,-10.1091
HIGHRES_IMU,187630210,-10.1092
HIGHRES_IMU,187636968,-10.1093
HIGHRES_IMU,187643930,-10.1094
HIGHRES_IMU,187657879,-10.1119
HIGHRES_IMU,187664743,-10.1099
HIGHRES_IMU,187671896,-10.1102
HIGHRES_IMU,187678772,-10.1104
HIGHRES_IMU,187692630,-10.1112
HIGHRES_IMU,187699473,-10.1112
HIGHRES_IMU,187706591,-10.1115
HIGHRES_IMU,187713423,-10.1118
HIGHRES_IMU,187727283,-10.1125
HIGHRES_IMU,187734192,-10.1129
HIGHRES_IMU,187741239,-10.1132
HIGHRES_IMU,187748184,-10.1137
HIGHRES_IMU,187755093,-10.1141
HIGHRES_IMU,187768957,-10.1150
HIGHRES_IMU,187775881,-10.1155
HIGHRES_IMU,187782973,-10.1160
HIGHRES_IMU,187796705,-10.1171
HIGHRES_IMU,187803654,-10.1176
HIGHRES_IMU,187810629,-10.1182
HIGHRES_IMU,187817528,-10.1188
HIGHRES_IMU,187831451,-10.1200
HIGHRES_IMU,187838356,-10.1207
HIGHRES_IMU,187845302,-10.1213
HIGHRES_IMU,187852422,-10.1220
HIGHRES_IMU,187866193,-10.1235
HIGHRES_IMU,187873136,-10.1242
HIGHRES_IMU,187880159,-10.1250
HIGHRES_IMU,187887026,-10.1258
HIGHRES_IMU,187900841,-10.1306
HIGHRES_IMU,187907854,-10.1293
HIGHRES_IMU,187914766,-10.1306
HIGHRES_IMU,187921740,-10.1318
HIGHRES_IMU,187935587,-10.1343
HIGHRES_IMU,187942761,-10.1356
HIGHRES_IMU,187949517,-10.1357
HIGHRES_IMU,187963472,-10.1394
HIGHRES_IMU,187970363,-10.1407
HIGHRES_IMU,187977299,-10.1419
HIGHRES_IMU,187984278,-10.1431
HIGHRES_IMU,187998189,-10.1442
HIGHRES_IMU,188005170,-10.1426
HIGHRES_IMU,188012087,-10.1439
HIGHRES_IMU,188019161,-10.1441
HIGHRES_IMU,188032889,-10.1462
HIGHRES_IMU,188039828,-10.1454
HIGHRES_IMU,188046741,-10.1443
HIGHRES_IMU,188053672,-10.1433
HIGHRES_IMU,188067581,-10.1412
HIGHRES_IMU,188074640,-10.1401
HIGHRES_IMU,188081554,-10.1391
HIGHRES_IMU,188088611,-10.1381
HIGHRES_IMU,188095476,-10.1371
HIGHRES_IMU,188109263,-10.1350
HIGHRES_IMU,188116375,-10.1340
HIGHRES_IMU,188123141,-10.1330
HIGHRES_IMU,188137027,-10.1310
HIGHRES_IMU,188143964,-10.1300
HIGHRES_IMU,188150921,-10.1290
HIGHRES_IMU,188164801,-10.1282
HIGHRES_IMU,188171841,-10.1260
HIGHRES_IMU,188178763,-10.1251
HIGHRES_IMU,188185759,-10.1241
HIGHRES_IMU,188199679,-10.1222
HIGHRES_IMU,188206548,-10.1212
HIGHRES_IMU,188213476,-10.1203
HIGHRES_IMU,188220371,-10.1180
HIGHRES_IMU,188234264,-10.1174
HIGHRES_IMU,188241178,-10.1165
HIGHRES_IMU,188248136,-10.1156
HIGHRES_IMU,188262040,-10.1132
HIGHRES_IMU,188269054,-10.1132
HIGHRES_IMU,188276155,-10.1119
HIGHRES_IMU,188283146,-10.1110
HIGHRES_IMU,188296831,-10.1092
HIGHRES_IMU,188303738,-10.1083
HIGHRES_IMU,188310699,-10.1073
HIGHRES_IMU,188317593,-10.1065
HIGHRES_IMU,188331479,-10.1047
HIGHRES_IMU,188338384,-10.1038
HIGHRES_IMU,188345380,-10.1029
HIGHRES_IMU,188352320,-10.1020
HIGHRES_IMU,188366159,-10.1003
HIGHRES_IMU,188373166,-10.0995
HIGHRES_IMU,188380183,-10.0986
HIGHRES_IMU,188387061,-10.0978
HIGHRES_IMU,188400918,-10.0960
HIGHRES_IMU,188407896,-10.0952
HIGHRES_IMU,188414937,-10.0944
HIGHRES_IMU,188428701,-10.0927
HIGHRES_IMU,188435637,-10.0919
HIGHRES_IMU,188442645,-10.0911
HIGHRES_IMU,188456508,-10.0894
HIGHRES_IMU,188463435,-10.0886
HIGHRES_IMU,188470408,-10.0878
HIGHRES_IMU,188477364,-10.0870
HIGHRES_IMU,188491208,-10.0854
HIGHRES_IMU,188498156,-10.0825
HIGHRES_IMU,188505132,-10.0859
HIGHRES_IMU,188512030,-10.0830
HIGHRES_IMU,188525955,-10.0815
HIGHRES_IMU,188532956,-10.0807
HIGHRES_IMU,188539890,-10.0799
HIGHRES_IMU,188553806,-10.0784
HIGHRES_IMU,188560772,-10.0777
HIGHRES_IMU,188567660,-10.0769
HIGHRES_IMU,188581590,-10.0754
HIGHRES_IMU,188588425,-10.0746
HIGHRES_IMU,188595372,-10.0739
HIGHRES_IMU,188602418,-10.0732
HIGHRES_IMU,188616211,-10.0717
HIGHRES_IMU,188623207,23.7424
HIGHRES_IMU,188630103,23.5040
HIGHRES_IMU,188637062,-4.1432
HIGHRES_IMU,188650951,-10.9405
HIGHRES_IMU,188657924,-11.1324
HIGHRES_IMU,188664877,-11.0559
HIGHRES_IMU,188671837,-10.8755
HIGHRES_IMU,188685794,-10.4308
HIGHRES_IMU,188692684,-10.1995
HIGHRES_IMU,188699642,-9.9799
HIGHRES_IMU,188713544,-9.6040
HIGHRES_IMU,188720435,-9.4544
HIGHRES_IMU,188727342,-9.3327
HIGHRES_IMU,188734320,-9.2368
HIGHRES_IMU,188748180,-9.1165
HIGHRES_IMU,188755101,-9.0862
HIGHRES_IMU,188762024,-9.0734
HIGHRES_IMU,188769094,-9.0742
HIGHRES_IMU,188782953,-9.1048
HIGHRES_IMU,188789871,-9.1306
HIGHRES_IMU,188796841,-9.1607
HIGHRES_IMU,188803757,-9.1924
HIGHRES_IMU,188817708,-9.2551
HIGHRES_IMU,188824644,-9.2837
HIGHRES_IMU,188831518,-9.3095
HIGHRES_IMU,188838442,-9.3318
HIGHRES_IMU,188852335,-9.3648
HIGHRES_IMU,188859317,-9.3770
HIGHRES_IMU,188866209,-9.3847
HIGHRES_IMU,188880086,-9.3920
HIGHRES_IMU,188887109,-9.3920
HIGHRES_IMU,188894059,-9.3903
HIGHRES_IMU,188900963,-9.3873
HIGHRES_IMU,188914922,-9.3788
HIGHRES_IMU,188921849,-9.3740
HIGHRES_IMU,188928794,-9.3690
HIGHRES_IMU,188942612,-9.3600
HIGHRES_IMU,188949568,-9.3562
HIGHRES_IMU,188956530,-9.3527
HIGHRES_IMU,188963492,-9.3501
HIGHRES_IMU,188977305,-9.3463
HIGHRES_IMU,188984256,-9.3449
HIGHRES_IMU,188991212,-9.3443
HIGHRES_IMU,188998160,-9.3439
HIGHRES_IMU,189005118,-9.3440
HIGHRES_IMU,189019024,-9.3451
HIGHRES_IMU,189025954,-9.3452
HIGHRES_IMU,189033159,-9.3461
HIGHRES_IMU,189046806,-9.3471
HIGHRES_IMU,189053763,-9.3484
HIGHRES_IMU,189060678,-9.3491
HIGHRES_IMU,189067652,-9.3492
HIGHRES_IMU,189081501,-9.3504
HIGHRES_IMU,189088457,-9.3507
HIGHRES_IMU,189095408,-9.3511
HIGHRES_IMU,189102419,-9.3517
HIGHRES_IMU,189116297,-9.3516
HIGHRES_IMU,189123242,-9.3515
HIGHRES_IMU,189130102,-9.3510
HIGHRES_IMU,189137320,-9.3519
HIGHRES_IMU,189151000,-9.3511
HIGHRES_IMU,189158059,-9.3510
HIGHRES_IMU,189164863,-9.3510
HIGHRES_IMU,189171904,-9.3508
HIGHRES_IMU,189185667,-9.3507
HIGHRES_IMU,189192602,-9.3506
HIGHRES_IMU,189199543,-9.3506
HIGHRES_IMU,189206511,-9.3504
HIGHRES_IMU,189220410,-9.3504
HIGHRES_IMU,189227482,-9.3504
HIGHRES_IMU,189234312,-9.3504
HIGHRES_IMU,189248211,-9.3504
HIGHRES_IMU,189255134,-9.3504
HIGHRES_IMU,189262139,-9.3504
HIGHRES_IMU,189269062,-9.3505
HIGHRES_IMU,189283031,-9.3505
HIGHRES_IMU,189289984,-9.3504
HIGHRES_IMU,189296821,-9.3506
HIGHRES_IMU,189310651,-9.3505
HIGHRES_IMU,189317623,-9.3505
HIGHRES_IMU,189324623,-9.3506
HIGHRES_IMU,189331498,-9.3505
HIGHRES_IMU,189345430,-9.3505
HIGHRES_IMU,189352372,-9.3506
HIGHRES_IMU,189359305,-9.3505
HIGHRES_IMU,189366244,-9.3506
HIGHRES_IMU,189380161,-9.3505
HIGHRES_IMU,189387071,-9.3506
HIGHRES_IMU,189394039,-9.3506
HIGHRES_IMU,189400958,-9.3506
HIGHRES_IMU,189414911,-9.3506
HIGHRES_IMU,189421789,-9.3505
HIGHRES_IMU,189428712,-9.3505
HIGHRES_IMU,189435688,-9.3505
HIGHRES_IMU,189449549,-9.3505
HIGHRES_IMU,189456540,-9.3505
HIGHRES_IMU,189463532,-9.3505
HIGHRES_IMU,189470483,-9.3505
HIGHRES_IMU,189484337,-9.3505
HIGHRES_IMU,189491306,-9.3505
HIGHRES_IMU,189498269,-9.3505
HIGHRES_IMU,189512114,-9.3505
HIGHRES_IMU,189519024,-9.3505
HIGHRES_IMU,189525988,-9.3505
HIGHRES_IMU,189532923,-9.3505
HIGHRES_IMU,189546814,-9.3505
HIGHRES_IMU,189553803,-9.3505
HIGHRES_IMU,189560701,-9.3505
HIGHRES_IMU,189574587,-9.3505
HIGHRES_IMU,189581512,-9.3505
HIGHRES_IMU,189588478,-9.3505
HIGHRES_IMU,189595449,-9.3505
HIGHRES_IMU,189609329,-9.3505
HIGHRES_IMU,189616482,-9.3505
HIGHRES_IMU,189623246,-9.3505
HIGHRES_IMU,189630181,-9.3505
HIGHRES_IMU,189644275,-9.3505
HIGHRES_IMU,189651064,-9.3505
HIGHRES_IMU,189657966,-9.3505
HIGHRES_IMU,189671880,-9.3505
HIGHRES_IMU,189678830,-9.3505
HIGHRES_IMU,189685749,-9.3505
HIGHRES_IMU,189692833,-9.3505
HIGHRES_IMU,189706655,-9.3505
HIGHRES_IMU,189713554,-9.3504
HIGHRES_IMU,189720433,-9.3505
HIGHRES_IMU,189727498,-9.3505
HIGHRES_IMU,189741328,-9.3505
HIGHRES_IMU,189748218,-9.3505
HIGHRES_IMU,189755431,-9.3505
HIGHRES_IMU,189769059,-9.3505
HIGHRES_IMU,189776050,-9.3505
HIGHRES_IMU,189783023,-9.3505
HIGHRES_IMU,189789934,-9.3505
HIGHRES_IMU,189803867,-9.3505
HIGHRES_IMU,189810770,-9.3505
HIGHRES_IMU,189817687,-9.3505
HIGHRES_IMU,189824649,-9.3504
HIGHRES_IMU,189838693,-9.3504
HIGHRES_IMU,189845639,-9.3505
HIGHRES_IMU,189852453,-9.3505
HIGHRES_IMU,189859402,-9.3505
HIGHRES_IMU,189873375,-9.3505
HIGHRES_IMU,189880263,-9.3504
HIGHRES_IMU,189887222,-9.3505
HIGHRES_IMU,189894165,-9.3505
HIGHRES_IMU,189908119,-9.3504
HIGHRES_IMU,189915009,-9.3504
HIGHRES_IMU,189921913,-9.3505
HIGHRES_IMU,189935819,-9.3505
HIGHRES_IMU,189942783,-9.3505
HIGHRES_IMU,189949686,-9.3504
HIGHRES_IMU,189956624,-9.3505
HIGHRES_IMU,189970499,-9.3504
HIGHRES_IMU,189977490,-9.3505
HIGHRES_IMU,189984371,-9.3504
HIGHRES_IMU,189998299,-9.3505
HIGHRES_IMU,190005257,-9.3504
HIGHRES_IMU,190012374,-9.3504
HIGHRES_IMU,190019110,-9.3504
HIGHRES_IMU,190026041,-9.3505
HIGHRES_IMU,190039995,-9.3505
HIGHRES_IMU,190046981,-9.3504
HIGHRES_IMU,190053978,-9.3504
HIGHRES_IMU,190060812,-9.3504
HIGHRES_IMU,190074738,-9.3504
HIGHRES_IMU,190081619,-9.3504
HIGHRES_IMU,190088575,-9.3504
HIGHRES_IMU,190095492,-9.3504
HIGHRES_IMU,190109399,-9.3504
HIGHRES_IMU,190116407,-9.3505
HIGHRES_IMU,190123352,-9.3504
HIGHRES_IMU,190130231,-9.3505
HIGHRES_IMU,190144123,-9.3504
HIGHRES_IMU,190151036,-9.3504
HIGHRES_IMU,190157983,-9.3505
HIGHRES_IMU,190171908,-9.3504
HIGHRES_IMU,190178886,-9.3504
HIGHRES_IMU,190185838,-9.3504
HIGHRES_IMU,190192917,-9.3504
HIGHRES_IMU,190206650,-9.3504
HIGHRES_IMU,190213665,-9.3504
HIGHRES_IMU,190220531,-9.3504
HIGHRES_IMU,190234387,-9.3504
HIGHRES_IMU,190241311,-9.3504
HIGHRES_IMU,190248254,-9.3504
HIGHRES_IMU,190255196,-9.3504
HIGHRES_IMU,190269109,-9.3504
HIGHRES_IMU,190276080,-9.3504
HIGHRES_IMU,190283035,-9.3504
HIGHRES_IMU,190290142,-9.3504
HIGHRES_IMU,190303862,-9.3504
HIGHRES_IMU,190310764,-9.3504
HIGHRES_IMU,190317819,-9.3503
HIGHRES_IMU,190324703,-9.3504
HIGHRES_IMU,190338617,-9.3504
HIGHRES_IMU,190345550,-9.3504
HIGHRES_IMU,190352559,-9.3504
HIGHRES_IMU,190366338,-9.3503
HIGHRES_IMU,190373323,-9.3504
HIGHRES_IMU,190380269,-9.3504
HIGHRES_IMU,190387231,-9.3504
HIGHRES_IMU,190401080,-9.3504
HIGHRES_IMU,190408018,-9.3503
HIGHRES_IMU,190414978,-9.3504
HIGHRES_IMU,190428905,-9.3504
HIGHRES_IMU,190435844,-9.3504
HIGHRES_IMU,190442797,-9.3504
HIGHRES_IMU,190449719,-9.3504
HIGHRES_IMU,190463669,-9.3504
HIGHRES_IMU,190470607,-9.3503
HIGHRES_IMU,190477526,-9.3503
HIGHRES_IMU,190484491,-9.3504
HIGHRES_IMU,190498354,-9.3504
HIGHRES_IMU,190505292,-9.3503
HIGHRES_IMU,190512222,-9.3504
HIGHRES_IMU,190519170,-9.3503
HIGHRES_IMU,190533117,-9.3503
HIGHRES_IMU,190540073,-9.3504
HIGHRES_IMU,190547049,-9.3503
HIGHRES_IMU,190553999,-9.3503
HIGHRES_IMU,190567895,-9.3503
HIGHRES_IMU,190574833,-9.3503
HIGHRES_IMU,190581773,-9.3503
HIGHRES_IMU,190588638,-9.3503
HIGHRES_IMU,190602589,-9.3503
HIGHRES_IMU,190609509,-9.3503
HIGHRES_IMU,190616460,-9.3503
HIGHRES_IMU,190623392,-9.3503
HIGHRES_IMU,190637232,-9.3504
HIGHRES_IMU,190644207,-9.3503
HIGHRES_IMU,190651114,-9.3503
HIGHRES_IMU,190665001,-9.3503
HIGHRES_IMU,190672085,-9.3503
HIGHRES_IMU,190678999,-9.3503
HIGHRES_IMU,190685955,-9.3503
HIGHRES_IMU,190699841,-9.3503
HIGHRES_IMU,190706861,-9.3503
HIGHRES_IMU,190713806,-9.3503
HIGHRES_IMU,190720771,-9.3503
HIGHRES_IMU,190734554,-9.3503
HIGHRES_IMU,190741504,-9.3503
HIGHRES_IMU,190748433,-9.3503
HIGHRES_IMU,190762320,-9.3503
HIGHRES_IMU,190769320,-9.3503
HIGHRES_IMU,190776239,-9.3503
HIGHRES_IMU,190790143,-9.3503
HIGHRES_IMU,190797094,-9.3503
HIGHRES_IMU,190804060,-9.3503
HIGHRES_IMU,190811055,-9.3503
HIGHRES_IMU,190824920,-9.3503
HIGHRES_IMU,190831823,-9.3503
HIGHRES_IMU,190838776,-9.3503
HIGHRES_IMU,190845684,-9.3502
HIGHRES_IMU,190859626,-9.3503
HIGHRES_IMU,190866615,-9.3502
HIGHRES_IMU,190873509,-9.3503
HIGHRES_IMU,190880403,-9.3503
HIGHRES_IMU,190894311,-9.3502
HIGHRES_IMU,190901207,-9.3503
HIGHRES_IMU,190908197,-9.3503
HIGHRES_IMU,190915118,-9.3503
HIGHRES_IMU,190929010,-9.3503
HIGHRES_IMU,190935971,-9.3502
HIGHRES_IMU,190942947,-9.3503
HIGHRES_IMU,190949902,-9.3502
HIGHRES_IMU,190963792,-9.3502
HIGHRES_IMU,190970731,-9.3503
HIGHRES_IMU,190977679,-9.3502
HIGHRES_IMU,190984647,-9.3502
HIGHRES_IMU,190998486,-9.3502
HIGHRES_IMU,191005543,-9.3503
HIGHRES_IMU,191012445,-9.3502
HIGHRES_IMU,191026283,-9.3502
HIGHRES_IMU,191033216,-9.3503
HIGHRES_IMU,191040171,-9.3502
HIGHRES_IMU,191047096,-9.3502
HIGHRES_IMU,191060980,-9.3502
HIGHRES_IMU,191067939,-9.3502
HIGHRES_IMU,191074934,-9.3502
HIGHRES_IMU,191088777,-9.3503
HIGHRES_IMU,191095767,-9.3501
HIGHRES_IMU,191102696,-9.3503
HIGHRES_IMU,191109624,-9.3502
HIGHRES_IMU,191123561,-9.3502
HIGHRES_IMU,191130469,-9.3502
HIGHRES_IMU,191137438,-9.3502
HIGHRES_IMU,191144353,-9.3502
HIGHRES_IMU,191158195,-9.3502
HIGHRES_IMU,191165161,-9.3502
HIGHRES_IMU,191172226,-9.3502
HIGHRES_IMU,191179036,-9.3502
HIGHRES_IMU,191192974,-9.3502
HIGHRES_IMU,191199914,-9.3502
HIGHRES_IMU,191206815,-9.3502
HIGHRES_IMU,191213979,-9.3503
HIGHRES_IMU,191228406,-9.3504
HIGHRES_IMU,191235468,-9.3500
HIGHRES_IMU,191242384,-9.3502
HIGHRES_IMU,191249263,-9.3501
HIGHRES_IMU,191263156,-9.3501
HIGHRES_IMU,191270131,-9.3502
HIGHRES_IMU,191277059,-9.3502
HIGHRES_IMU,191284492,-9.3501
HIGHRES_IMU,191297915,-9.3502
HIGHRES_IMU,191305053,-9.3502
HIGHRES_IMU,191311688,-9.3501
HIGHRES_IMU,191325696,-9.3501
HIGHRES_IMU,191332557,-9.3502
HIGHRES_IMU,191339484,-9.3501
HIGHRES_IMU,191346487,-9.3502
HIGHRES_IMU,191360485,-9.3501
HIGHRES_IMU,191367262,-9.3502
HIGHRES_IMU,191374271,-9.3502
HIGHRES_IMU,191381167,-9.3502
HIGHRES_IMU,191395032,-9.3502
HIGHRES_IMU,191401972,-9.3501
HIGHRES_IMU,191408996,-9.3502
HIGHRES_IMU,191415939,-9.3502
HIGHRES_IMU,191429770,-9.3502
HIGHRES_IMU,191436763,-9.3502
HIGHRES_IMU,191443673,-9.3500
HIGHRES_IMU,191457577,-9.3501
HIGHRES_IMU,191464568,-9.3502
HIGHRES_IMU,191471411,-9.3501
HIGHRES_IMU,191485338,-9.3501
HIGHRES_IMU,191492321,-9.3501
HIGHRES_IMU,191499214,-9.3501
HIGHRES_IMU,191506173,-9.3501
HIGHRES_IMU,191520081,-9.3500
HIGHRES_IMU,191527011,-9.3501
HIGHRES_IMU,191533958,-9.3501
HIGHRES_IMU,191540910,-9.3501
HIGHRES_IMU,191554804,-9.3501
HIGHRES_IMU,191561715,-9.3501
HIGHRES_IMU,191568704,-9.3501
HIGHRES_IMU,191582605,-9.3502
HIGHRES_IMU,191589596,-9.3501
HIGHRES_IMU,191596474,-9.3501
HIGHRES_IMU,191603471,-9.3501
HIGHRES_IMU,191617310,-9.3501
HIGHRES_IMU,191624241,-9.3500
HIGHRES_IMU,191631138,-9.3501
HIGHRES_IMU,191645062,-9.3500
HIGHRES_IMU,191652169,-9.3501
HIGHRES_IMU,191659046,-9.3501
HIGHRES_IMU,191665910,-9.3501
HIGHRES_IMU,191679841,-9.3501
HIGHRES_IMU,191686833,-9.3501
HIGHRES_IMU,191693760,-9.3501
HIGHRES_IMU,191700699,-9.3501
HIGHRES_IMU,191714541,-9.3501
HIGHRES_IMU,191721466,-9.3501
HIGHRES_IMU,191728419,-9.3501
HIGHRES_IMU,191742334,-9.3501
HIGHRES_IMU,191749248,-9.3500
HIGHRES_IMU,191756224,-9.3501
HIGHRES_IMU,191763165,-9.3500
HIGHRES_IMU,191777062,-9.3501
HIGHRES_IMU,191784041,-9.3500
HIGHRES_IMU,191791004,-9.3501
HIGHRES_IMU,191798066,-9.3501
HIGHRES_IMU,191811940,-9.3501
HIGHRES_IMU,191818886,-9.3500
HIGHRES_IMU,191825983,-9.3500
HIGHRES_IMU,191839661,-9.3500
HIGHRES_IMU,191846642,-9.3501
HIGHRES_IMU,191853535,-9.3501
HIGHRES_IMU,191860447,-9.3500
HIGHRES_IMU,191874369,-9.3500
HIGHRES_IMU,191881279,-9.3501
HIGHRES_IMU,191888229,-9.3501
HIGHRES_IMU,191895240,-9.3500
HIGHRES_IMU,191909135,-9.3500
HIGHRES_IMU,191916062,-9.3501
HIGHRES_IMU,191923116,-9.3501
HIGHRES_IMU,191930011,-9.3499
HIGHRES_IMU,191943825,-9.3501
HIGHRES_IMU,191950779,-9.3500
HIGHRES_IMU,191957710,-9.3501
HIGHRES_IMU,191964950,-9.3501
HIGHRES_IMU,191978682,-9.3500
HIGHRES_IMU,191985501,-9.3500
HIGHRES_IMU,191992442,-9.3500
HIGHRES_IMU,191999336,-9.3501
HIGHRES_IMU,192006348,-9.3501
HIGHRES_IMU,192020255,-9.3501
HIGHRES_IMU,192027194,-9.3499
HIGHRES_IMU,192034191,-9.3500
HIGHRES_IMU,192048023,-9.3499
HIGHRES_IMU,192054951,-9.3500
HIGHRES_IMU,192061939,-9.3500
HIGHRES_IMU,192068862,-9.3500
HIGHRES_IMU,192082846,-9.3499
HIGHRES_IMU,192089704,-9.3500
HIGHRES_IMU,192096602,-9.3501
HIGHRES_IMU,192103604,-9.3499
HIGHRES_IMU,192117511,-9.3500
HIGHRES_IMU,192124492,-9.3500
HIGHRES_IMU,192131353,-9.3499
HIGHRES_IMU,192138285,-9.3500
HIGHRES_IMU,192152218,-9.3499
HIGHRES_IMU,192159135,-9.3500
HIGHRES_IMU,192166062,-9.3499
HIGHRES_IMU,192173036,-9.3500
HIGHRES_IMU,192186916,-9.3499
HIGHRES_IMU,192194006,-9.3500
HIGHRES_IMU,192200787,-9.3500
HIGHRES_IMU,192207765,-9.3499
HIGHRES_IMU,192214754,-9.3500
HIGHRES_IMU,192228563,-9.3500
HIGHRES_IMU,192235543,-9.3500
HIGHRES_IMU,192242551,-9.3499
HIGHRES_IMU,192256394,-9.3500
HIGHRES_IMU,192263305,-9.3500
HIGHRES_IMU,192270271,-9.3500
HIGHRES_IMU,192277246,-9.3499
HIGHRES_IMU,192291108,-9.3499
HIGHRES_IMU,192298077,-9.3500
HIGHRES_IMU,192305047,-9.3500
HIGHRES_IMU,192311966,-9.3498
HIGHRES_IMU,192318887,-9.3500
HIGHRES_IMU,192332925,-9.3498
HIGHRES_IMU,192339809,-9.3500
HIGHRES_IMU,192346753,-9.3500
HIGHRES_IMU,192353876,-9.3498
HIGHRES_IMU,192367582,-9.3500
HIGHRES_IMU,192374483,-9.3498
HIGHRES_IMU,192381422,-9.3500
HIGHRES_IMU,192388372,-9.3500
HIGHRES_IMU,192402297,-9.3500
HIGHRES_IMU,192409213,-9.3499
HIGHRES_IMU,192416407,-9.3499
HIGHRES_IMU,192430103,-9.3499
HIGHRES_IMU,192436962,-9.3499
HIGHRES_IMU,192443984,-9.3500
HIGHRES_IMU,192450831,-9.3498
HIGHRES_IMU,192464696,-9.3499
HIGHRES_IMU,192471675,-9.3500
HIGHRES_IMU,192478655,-9.3499
HIGHRES_IMU,192485609,-9.3499
HIGHRES_IMU,192499402,-9.3498
HIGHRES_IMU,192506450,-9.3500
HIGHRES_IMU,192513330,-9.3498
HIGHRES_IMU,192520284,-9.3499
HIGHRES_IMU,192534238,-9.3498
HIGHRES_IMU,192541129,-9.3500
HIGHRES_IMU,192548068,-9.3498
HIGHRES_IMU,192555068,-9.3500
HIGHRES_IMU,192568955,-9.3500
HIGHRES_IMU,192575863,-9.3498
HIGHRES_IMU,192582819,-9.3500
HIGHRES_IMU,192596648,-9.3499
HIGHRES_IMU,192603612,-9.3498
HIGHRES_IMU,192610570,-9.3499
HIGHRES_IMU,192617508,-9.3499
HIGHRES_IMU,192631499,-9.3499
HIGHRES_IMU,192638367,-9.3499
HIGHRES_IMU,192645372,-9.3498
HIGHRES_IMU,192652340,-9.3499
HIGHRES_IMU,192666167,-9.3499
HIGHRES_IMU,192673105,-9.3499
HIGHRES_IMU,192680061,-9.3498
HIGHRES_IMU,192693906,-9.3498
HIGHRES_IMU,192700817,-9.3499
HIGHRES_IMU,192707799,-9.3498
HIGHRES_IMU,192714774,-9.3499
HIGHRES_IMU,192728673,-9.3499
HIGHRES_IMU,192735632,-9.3498
HIGHRES_IMU,192742689,-9.3499
HIGHRES_IMU,192749527,-9.3499
HIGHRES_IMU,192763381,-9.3499
HIGHRES_IMU,192770399,-9.3498
HIGHRES_IMU,192777319,-9.3499
HIGHRES_IMU,192791284,-9.3498
HIGHRES_IMU,192798251,-9.3499
HIGHRES_IMU,192805030,-9.3498
HIGHRES_IMU,192812000,-9.3499
HIGHRES_IMU,192825877,-9.3498
HIGHRES_IMU,192833023,-9.3499
HIGHRES_IMU,192839773,-9.3497
HIGHRES_IMU,192853703,-9.3498
HIGHRES_IMU,192860602,-9.3499
HIGHRES_IMU,192867507,-9.3498
HIGHRES_IMU,192874449,-9.3499
HIGHRES_IMU,192881423,-9.3497
HIGHRES_IMU,192895304,-9.3497
HIGHRES_IMU,192902283,-9.3499
HIGHRES_IMU,192909319,-9.3497
HIGHRES_IMU,192923155,-9.3497
HIGHRES_IMU,192930041,-9.3499
HIGHRES_IMU,192937021,-9.3497
HIGHRES_IMU,192943973,-9.3499
HIGHRES_IMU,192957922,-9.3498
HIGHRES_IMU,192964785,-9.3497
HIGHRES_IMU,192971713,-9.3499
HIGHRES_IMU,192985627,-9.3498
HIGHRES_IMU,192992557,-9.3497
HIGHRES_IMU,192999448,-9.3498
HIGHRES_IMU,193006468,-9.3497
HIGHRES_IMU,193020319,-9.3497
HIGHRES_IMU,193027284,-9.3499
HIGHRES_IMU,193034223,-9.3497
HIGHRES_IMU,193041183,-9.3499
HIGHRES_IMU,193055123,-9.3498
HIGHRES_IMU,193062015,-9.3497
HIGHRES_IMU,193068952,-9.3498
HIGHRES_IMU,193075888,-9.3498
HIGHRES_IMU,193089747,-9.3499
HIGHRES_IMU,193096722,-9.3497
HIGHRES_IMU,193103661,-9.3498
HIGHRES_IMU,193110705,-9.3497
HIGHRES_IMU,193124610,-9.3497
HIGHRES_IMU,193131617,-9.3498
HIGHRES_IMU,193138507,-9.3497
HIGHRES_IMU,193145456,-9.3498
HIGHRES_IMU,193159241,-9.3497
HIGHRES_IMU,193166176,-9.3499
HIGHRES_IMU,193173222,-9.3497
HIGHRES_IMU,193180187,-9.3498
HIGHRES_IMU,193194010,-9.3498
HIGHRES_IMU,193201021,-9.3497
HIGHRES_IMU,193207902,-9.3498
HIGHRES_IMU,193214867,-9.3498
HIGHRES_IMU,193228833,-9.3498
HIGHRES_IMU,193235629,-9.3497
HIGHRES_IMU,193242591,-9.3498
HIGHRES_IMU,193249580,-9.3497
HIGHRES_IMU,193263558,-9.3497
HIGHRES_IMU,193270367,-9.3498
HIGHRES_IMU,193277312,-9.3497
HIGHRES_IMU,193284241,-9.3498
HIGHRES_IMU,193298165,-9.3498
HIGHRES_IMU,193305095,-9.3498
HIGHRES_IMU,193312033,-9.3497
HIGHRES_IMU,193319142,-9.3498
HIGHRES_IMU,193332912,-9.3498
HIGHRES_IMU,193339883,-9.3497
HIGHRES_IMU,193346849,-9.3498
HIGHRES_IMU,193360694,-9.3498
HIGHRES_IMU,193367702,-9.3496
HIGHRES_IMU,193374564,-9.3498
HIGHRES_IMU,193381519,-9.3497
HIGHRES_IMU,193395473,-9.3496
HIGHRES_IMU,193402373,-9.3498
HIGHRES_IMU,193409305,-9.3496
HIGHRES_IMU,193416230,-9.3498
HIGHRES_IMU,193430096,-9.3498
HIGHRES_IMU,193437095,-9.3496
HIGHRES_IMU,193444078,-9.3497
HIGHRES_IMU,193450974,-9.3497
HIGHRES_IMU,193464818,-9.3496
HIGHRES_IMU,193471821,-9.3497
HIGHRES_IMU,193478776,-9.3497
HIGHRES_IMU,193485721,-9.3497
HIGHRES_IMU,193499532,-9.3498
HIGHRES_IMU,193506511,-9.3496
HIGHRES_IMU,193513443,-9.3497
HIGHRES_IMU,193520377,-9.3496
HIGHRES_IMU,193534321,-9.3496
HIGHRES_IMU,193541295,-9.3497
HIGHRES_IMU,193548347,-9.3496
HIGHRES_IMU,193555328,-9.3498
HIGHRES_IMU,193569053,-9.3497
HIGHRES_IMU,193575998,-9.3496
HIGHRES_IMU,193582939,-9.3497
HIGHRES_IMU,193596772,-9.3497
HIGHRES_IMU,193603739,-9.3496
HIGHRES_IMU,193610727,-9.3497
HIGHRES_IMU,193617663,-9.3496
HIGHRES_IMU,193624628,-9.3498
HIGHRES_IMU,193638602,-9.3497
HIGHRES_IMU,193645431,-9.3496
HIGHRES_IMU,193652372,-9.3497
HIGHRES_IMU,193666385,-9.3497
HIGHRES_IMU,193673207,-9.3496
HIGHRES_IMU,193680135,-9.3498
HIGHRES_IMU,193687086,-9.3496
HIGHRES_IMU,193700957,-9.3496
HIGHRES_IMU,193707962,-9.3497
HIGHRES_IMU,193714890,-9.3496
HIGHRES_IMU,193721821,-9.3497
HIGHRES_IMU,193735689,-9.3497
HIGHRES_IMU,193742705,-9.3496
HIGHRES_IMU,193749600,-9.3497
HIGHRES_IMU,193763468,-9.3497
HIGHRES_IMU,193770441,-9.3496
HIGHRES_IMU,193777397,-9.3497
HIGHRES_IMU,193784300,-9.3496
HIGHRES_IMU,193791256,-9.3497
HIGHRES_IMU,193805143,-9.3497
HIGHRES_IMU,193812133,-9.3496
HIGHRES_IMU,193818989,-9.3497
HIGHRES_IMU,193825952,-9.3496
HIGHRES_IMU,193839857,-9.3496
HIGHRES_IMU,193846898,-9.3497
HIGHRES_IMU,193853843,-9.3496
HIGHRES_IMU,193860708,-9.3497
HIGHRES_IMU,193874729,-9.3497
HIGHRES_IMU,193881540,-9.3495
HIGHRES_IMU,193888538,-9.3497
HIGHRES_IMU,193895439,-9.3496
HIGHRES_IMU,193909260,-9.3496
HIGHRES_IMU,193916281,-9.3497
HIGHRES_IMU,193923252,-9.3496
HIGHRES_IMU,193930120,-9.3497
HIGHRES_IMU,193944061,-9.3496
HIGHRES_IMU,193950973,-9.3495
HIGHRES_IMU,193957973,-9.3497
HIGHRES_IMU,193964849,-9.3495
HIGHRES_IMU,193978735,-9.3495
HIGHRES_IMU,193985676,-9.3496
HIGHRES_IMU,193992738,-9.3495
HIGHRES_IMU,193999694,-9.3496
HIGHRES_IMU,194006564,-9.3495
HIGHRES_IMU,194020421,-9.3495
HIGHRES_IMU,194027430,-9.3497
HIGHRES_IMU,194034402,-9.3495
HIGHRES_IMU,194048220,-9.3495
HIGHRES_IMU,194055189,-9.3496
HIGHRES_IMU,194062158,-9.3495
HIGHRES_IMU,194069070,-9.3496
HIGHRES_IMU,194082931,-9.3496
HIGHRES_IMU,194089898,-9.3495
HIGHRES_IMU,194096838,-9.3497
HIGHRES_IMU,194103759,-9.3495
HIGHRES_IMU,194117751,-9.3495
HIGHRES_IMU,194124615,-9.3496
HIGHRES_IMU,194131538,-9.3495
HIGHRES_IMU,194138503,-9.3496
HIGHRES_IMU,194152382,-9.3496
HIGHRES_IMU,194159265,-9.3495
HIGHRES_IMU,194166256,-9.3496
HIGHRES_IMU,194173273,-9.3495
HIGHRES_IMU,194187138,-9.3494
HIGHRES_IMU,194194058,-9.3496
HIGHRES_IMU,194200921,-9.3495
HIGHRES_IMU,194207893,-9.3496
HIGHRES_IMU,194221793,-9.3496
HIGHRES_IMU,194228876,-9.3495
HIGHRES_IMU,194235748,-9.3496
HIGHRES_IMU,194242647,-9.3495
HIGHRES_IMU,194256535,-9.3495
HIGHRES_IMU,194263483,-9.3496
HIGHRES_IMU,194270456,-9.3495
HIGHRES_IMU,194277410,-9.3496
HIGHRES_IMU,194291321,-9.3496
HIGHRES_IMU,194298240,-9.3494
HIGHRES_IMU,194305179,-9.3496
HIGHRES_IMU,194319058,-9.3496
HIGHRES_IMU,194326017,-9.3495
HIGHRES_IMU,194332977,-9.3496
HIGHRES_IMU,194339939,-9.3495
HIGHRES_IMU,194353826,-9.3495
HIGHRES_IMU,194360713,-9.3496
HIGHRES_IMU,194367683,-9.3495
HIGHRES_IMU,194374638,-9.3496
HIGHRES_IMU,194388493,-9.3495
HIGHRES_IMU,194395423,-9.3495
HIGHRES_IMU,194402387,-9.3496
HIGHRES_IMU,194409317,-9.3494
HIGHRES_IMU,194423286,-9.3494
HIGHRES_IMU,194430157,-9.3495
HIGHRES_IMU,194437192,-9.3495
HIGHRES_IMU,194444116,-9.3496
HIGHRES_IMU,194457964,-9.3496
HIGHRES_IMU,194464883,-9.3494
HIGHRES_IMU,194471834,-9.3495
HIGHRES_IMU,194478761,-9.3494
HIGHRES_IMU,194492715,-9.3494
HIGHRES_IMU,194499660,-9.3496
HIGHRES_IMU,194506596,-9.3494
HIGHRES_IMU,194513494,-9.3496
HIGHRES_IMU,194527360,-9.3495
HIGHRES_IMU,194534338,-9.3494
HIGHRES_IMU,194541345,-9.3495
HIGHRES_IMU,194555270,-9.3495
HIGHRES_IMU,194562163,-9.3494
HIGHRES_IMU,194569133,-9.3495
HIGHRES_IMU,194576085,-9.3494
HIGHRES_IMU,194589933,-9.3494
HIGHRES_IMU,194596866,-9.3495
HIGHRES_IMU,194603838,-9.3494
HIGHRES_IMU,194610769,-9.3495
HIGHRES_IMU,194624615,-9.3495
HIGHRES_IMU,194631556,-9.3494
HIGHRES_IMU,194638540,-9.3495
HIGHRES_IMU,194645506,-9.3494
HIGHRES_IMU,194659406,-9.3494
HIGHRES_IMU,194666382,-9.3496
HIGHRES_IMU,194673306,-9.3494
HIGHRES_IMU,194680253,-9.3495
HIGHRES_IMU,194687173,-9.3494
HIGHRES_IMU,194701164,-9.3494
HIGHRES_IMU,194708047,-9.3495
HIGHRES_IMU,194714931,-9.3494
HIGHRES_IMU,194721971,-9.3495
HIGHRES_IMU,194735825,-9.3495
HIGHRES_IMU,194742765,-9.3494
HIGHRES_IMU,194749647,-9.3495
HIGHRES_IMU,194763512,-9.3495
HIGHRES_IMU,194770473,-9.3493
HIGHRES_IMU,194777476,-9.3495
HIGHRES_IMU,194784370,-9.3493
HIGHRES_IMU,194798287,-9.3493
HIGHRES_IMU,194805233,-9.3495
HIGHRES_IMU,194812148,-9.3493
HIGHRES_IMU,194826026,-9.3493
HIGHRES_IMU,194832969,-9.3495
HIGHRES_IMU,194839888,-9.3493
HIGHRES_IMU,194847010,-9.3495
HIGHRES_IMU,194860759,-9.3495
HIGHRES_IMU,194869185,-9.3494
HIGHRES_IMU,194875236,-9.3496
HIGHRES_IMU,194882144,-9.3492
HIGHRES_IMU,194895989,-9.3493
HIGHRES_IMU,194902996,-9.3495
HIGHRES_IMU,194909975,-9.3493
HIGHRES_IMU,194923803,-9.3493
HIGHRES_IMU,194930722,-9.3495
HIGHRES_IMU,194937714,-9.3493
HIGHRES_IMU,194944634,-9.3494
HIGHRES_IMU,194958573,-9.3494
HIGHRES_IMU,194965446,-9.3493
HIGHRES_IMU,194972424,-9.3495
HIGHRES_IMU,194979380,-9.3493
HIGHRES_IMU,194993346,-9.3493
HIGHRES_IMU,195000264,-9.3494
HIGHRES_IMU,195007182,-9.3493
HIGHRES_IMU,195021023,-9.3493
HIGHRES_IMU,195027914,-9.3494
HIGHRES_IMU,195034964,-9.3493
HIGHRES_IMU,195041860,-9.3495
HIGHRES_IMU,195055757,-9.3494
HIGHRES_IMU,195062924,-9.3493
HIGHRES_IMU,195069787,-9.3494
HIGHRES_IMU,195083530,-9.3495
HIGHRES_IMU,195090497,-9.3493
HIGHRES_IMU,195097488,-9.3494
HIGHRES_IMU,195104451,-9.3493
HIGHRES_IMU,195118375,-9.3493
HIGHRES_IMU,195125248,-9.3495
HIGHRES_IMU,195132271,-9.3493
HIGHRES_IMU,195139137,-9.3494
HIGHRES_IMU,195153158,-9.3494
HIGHRES_IMU,195160102,-9.3493
HIGHRES_IMU,195167029,-9.3494
HIGHRES_IMU,195173962,-9.3493
HIGHRES_IMU,195187820,-9.3492
HIGHRES_IMU,195194765,-9.3494
HIGHRES_IMU,195201724,-9.3493
HIGHRES_IMU,195208659,-9.3495
HIGHRES_IMU,195222592,-9.3495
HIGHRES_IMU,195229541,-9.3493
HIGHRES_IMU,195236481,-9.3494
HIGHRES_IMU,195243373,-9.3493
HIGHRES_IMU,195257256,-9.3492
HIGHRES_IMU,195264466,-9.3494
HIGHRES_IMU,195271228,-9.3492
HIGHRES_IMU,195278120,-9.3494
HIGHRES_IMU,195291963,-9.3494
HIGHRES_IMU,195298908,-9.3493
HIGHRES_IMU,195305872,-9.3494
HIGHRES_IMU,195312878,-9.3492
HIGHRES_IMU,195326706,-9.3493
HIGHRES_IMU,195333775,-9.3494
HIGHRES_IMU,195340580,-9.3492
HIGHRES_IMU,195347526,-9.3494
HIGHRES_IMU,195361434,-9.3494
HIGHRES_IMU,195368351,-9.3493
HIGHRES_IMU,195375364,-9.3494
HIGHRES_IMU,195389278,-9.3494
HIGHRES_IMU,195396200,-9.3492
HIGHRES_IMU,195403187,-9.3494
HIGHRES_IMU,195410125,-9.3493
HIGHRES_IMU,195423985,-9.3494
HIGHRES_IMU,195430925,-9.3492
HIGHRES_IMU,195437878,-9.3494
HIGHRES_IMU,195444818,-9.3492
HIGHRES_IMU,195458645,-9.3492
HIGHRES_IMU,195465590,-9.3493
HIGHRES_IMU,195472648,-9.3492
HIGHRES_IMU,195479591,-9.3494
HIGHRES_IMU,195493435,-9.3493
HIGHRES_IMU,195500322,-9.3492
HIGHRES_IMU,195507318,-9.3494
HIGHRES_IMU,195514281,-9.3492
HIGHRES_IMU,195528086,-9.3492
HIGHRES_IMU,195535101,-9.3493
HIGHRES_IMU,195542026,-9.3492
HIGHRES_IMU,195548980,-9.3493
HIGHRES_IMU,195562860,-9.3494
HIGHRES_IMU,195569794,-9.3492
HIGHRES_IMU,195576742,-9.3494
HIGHRES_IMU,195590641,-9.3493
HIGHRES_IMU,195597525,-9.3492
HIGHRES_IMU,195604592,-9.3494
HIGHRES_IMU,195611478,-9.3492
HIGHRES_IMU,195625395,-9.3492
HIGHRES_IMU,195632278,-9.3494
HIGHRES_IMU,195639247,-9.3492
HIGHRES_IMU,195653138,-9.3492
HIGHRES_IMU,195660016,-9.3493
HIGHRES_IMU,195666977,-9.3492
HIGHRES_IMU,195673931,-9.3493
HIGHRES_IMU,195687919,-9.3493
HIGHRES_IMU,195694854,-9.3492
HIGHRES_IMU,195701729,-9.3492
HIGHRES_IMU,195708669,-9.3494
HIGHRES_IMU,195722558,-9.3492
HIGHRES_IMU,195729485,-9.3493
HIGHRES_IMU,195736491,-9.3492
HIGHRES_IMU,195743419,-9.3494
HIGHRES_IMU,195757332,-9.3493
HIGHRES_IMU,195764217,-9.3492
HIGHRES_IMU,195771179,-9.3493
HIGHRES_IMU,195778094,-9.3492
HIGHRES_IMU,195792060,-9.3492
HIGHRES_IMU,195798908,-9.3493
HIGHRES_IMU,195806005,-9.3492
HIGHRES_IMU,195819862,-9.3492
HIGHRES_IMU,195826784,-9.3493
HIGHRES_IMU,195833718,-9.3492
HIGHRES_IMU,195840678,-9.3493
HIGHRES_IMU,195854564,-9.3493
HIGHRES_IMU,195861450,-9.3492
HIGHRES_IMU,195868387,-9.3493
HIGHRES_IMU,195875379,-9.3492
HIGHRES_IMU,195882311,-9.3493
HIGHRES_IMU,195896148,-9.3491
HIGHRES_IMU,195903137,-9.3493
HIGHRES_IMU,195910142,-9.3491
HIGHRES_IMU,195917072,-9.3493
HIGHRES_IMU,195930897,-9.3493
HIGHRES_IMU,195937859,-9.3492
HIGHRES_IMU,195944801,-9.3492
HIGHRES_IMU,195958711,-9.3491
HIGHRES_IMU,195965665,-9.3493
HIGHRES_IMU,195972650,-9.3492
HIGHRES_IMU,195979512,-9.3492
HIGHRES_IMU,195993405,-9.3492
HIGHRES_IMU,196000364,-9.3493
HIGHRES_IMU,196007322,-9.3492
HIGHRES_IMU,196014294,-9.3492
HIGHRES_IMU,196028127,-9.3493
HIGHRES_IMU,196035234,-9.3491
HIGHRES_IMU,196042070,-9.3492
HIGHRES_IMU,196048938,-9.3491
HIGHRES_IMU,196055907,-9.3492
HIGHRES_IMU,196069867,-9.3491
HIGHRES_IMU,196076798,-9.3493
HIGHRES_IMU,196083864,-9.3492
HIGHRES_IMU,196090900,-9.3491
HIGHRES_IMU,196104931,-9.3491
HIGHRES_IMU,196113432,-9.3492
HIGHRES_IMU,196119511,-9.3492
HIGHRES_IMU,196126031,-9.3491
HIGHRES_IMU,196140210,-9.3491
HIGHRES_IMU,196146949,-9.3492
HIGHRES_IMU,196154027,-9.3491
HIGHRES_IMU,196161012,-9.3492
HIGHRES_IMU,196174726,-9.3493
HIGHRES_IMU,196182152,-9.3491
HIGHRES_IMU,196188057,-9.3491
HIGHRES_IMU,196202580,-9.3491
HIGHRES_IMU,196217633,-9.3494
HIGHRES_IMU,196224345,-9.3489
HIGHRES_IMU,196231438,-9.3491
HIGHRES_IMU,196246308,-9.3491
HIGHRES_IMU,196252771,-9.3491
HIGHRES_IMU,196259246,-9.3493
HIGHRES_IMU,196266109,-9.3491
HIGHRES_IMU,196279970,-9.3491
HIGHRES_IMU,196286974,-9.3491
HIGHRES_IMU,196293940,-9.3492
HIGHRES_IMU,196307200,-9.3491
HIGHRES_IMU,196314042,-9.3493
HIGHRES_IMU,196320879,-9.3491
HIGHRES_IMU,196334786,-9.3491
HIGHRES_IMU,196341705,-9.3493
HIGHRES_IMU,196348671,-9.3491
HIGHRES_IMU,196362500,-9.3492
HIGHRES_IMU,196369496,-9.3491
HIGHRES_IMU,196376423,-9.3492
HIGHRES_IMU,196383360,-9.3491
HIGHRES_IMU,196390400,-9.3492
HIGHRES_IMU,196404299,-9.3491
HIGHRES_IMU,196411249,-9.3492
HIGHRES_IMU,196418162,-9.3491
HIGHRES_IMU,196425182,-9.3490
HIGHRES_IMU,196439018,-9.3491
HIGHRES_IMU,196445929,-9.3492
HIGHRES_IMU,196452886,-9.3491
HIGHRES_IMU,196466731,-9.3492
HIGHRES_IMU,196473680,-9.3491
HIGHRES_IMU,196480613,-9.3491
HIGHRES_IMU,196487574,-9.3492
HIGHRES_IMU,196501559,-9.3491
HIGHRES_IMU,196508514,-9.3492
HIGHRES_IMU,196515454,-9.3491
HIGHRES_IMU,196529341,-9.3492
HIGHRES_IMU,196536277,-9.3491
HIGHRES_IMU,196543276,-9.3490
HIGHRES_IMU,196550156,-9.3492
HIGHRES_IMU,196563998,-9.3490
HIGHRES_IMU,196570957,-9.3492
HIGHRES_IMU,196577863,-9.3491
HIGHRES_IMU,196584813,-9.3491
HIGHRES_IMU,196591807,-9.3491
HIGHRES_IMU,196605735,-9.3491
HIGHRES_IMU,196612634,-9.3491
HIGHRES_IMU,196619663,-9.3492
HIGHRES_IMU,196626518,-9.3491
HIGHRES_IMU,196640515,-9.3492
HIGHRES_IMU,196647421,-9.3491
HIGHRES_IMU,196654339,-9.3491
HIGHRES_IMU,196661345,-9.3492
HIGHRES_IMU,196675224,-9.3490
HIGHRES_IMU,196682117,-9.3492
HIGHRES_IMU,196689098,-9.3491
HIGHRES_IMU,196695967,-9.3490
HIGHRES_IMU,196709940,-9.3491
HIGHRES_IMU,196716872,-9.3491
HIGHRES_IMU,196723789,-9.3490
HIGHRES_IMU,196737741,-9.3491
HIGHRES_IMU,196744707,-9.3490
HIGHRES_IMU,196751628,-9.3492
HIGHRES_IMU,196758580,-9.3491
HIGHRES_IMU,196772466,-9.3492
HIGHRES_IMU,196779416,-9.3491
HIGHRES_IMU,196786422,-9.3490
HIGHRES_IMU,196800264,-9.3490
HIGHRES_IMU,196807232,-9.3491
HIGHRES_IMU,196814384,-9.3490
HIGHRES_IMU,196821165,-9.3490
HIGHRES_IMU,196835003,-9.3490
HIGHRES_IMU,196842139,-9.3490
HIGHRES_IMU,196848979,-9.3491
HIGHRES_IMU,196855945,-9.3490
HIGHRES_IMU,196869796,-9.3490
HIGHRES_IMU,196876782,-9.3490
HIGHRES_IMU,196883678,-9.3491
HIGHRES_IMU,196890636,-9.3490
HIGHRES_IMU,196904656,-9.3490
HIGHRES_IMU,196911506,-9.3492
HIGHRES_IMU,196918484,-9.3490
HIGHRES_IMU,196925533,-9.3490
HIGHRES_IMU,196939291,-9.3490
HIGHRES_IMU,196946459,-9.3490
HIGHRES_IMU,196953197,-9.3491
HIGHRES_IMU,196960118,-9.3490
HIGHRES_IMU,196973997,-9.3490
HIGHRES_IMU,196981039,-9.3491
HIGHRES_IMU,196987878,-9.3490
HIGHRES_IMU,196995077,-9.3490
HIGHRES_IMU,197008815,-9.3490
HIGHRES_IMU,197015723,-9.3492
HIGHRES_IMU,197022686,-9.3490
HIGHRES_IMU,197029562,-9.3490
HIGHRES_IMU,197043502,-9.3490
HIGHRES_IMU,197050398,-9.3490
HIGHRES_IMU,197057364,-9.3490
HIGHRES_IMU,197071356,-9.3490
HIGHRES_IMU,197078239,-9.3490
HIGHRES_IMU,197085221,-9.3491
HIGHRES_IMU,197092102,-9.3490
HIGHRES_IMU,197106056,-9.3491
HIGHRES_IMU,197112987,-9.3490
HIGHRES_IMU,197119974,-9.3490
HIGHRES_IMU,197126887,-9.3491
HIGHRES_IMU,197140745,-9.3490
HIGHRES_IMU,197147727,-9.3490
HIGHRES_IMU,197154644,-9.3490
HIGHRES_IMU,197161578,-9.3490
HIGHRES_IMU,197175536,-9.3491
HIGHRES_IMU,197182473,-9.3490
HIGHRES_IMU,197189385,-9.3490
HIGHRES_IMU,197196296,-9.3490
HIGHRES_IMU,197210379,-9.3491
HIGHRES_IMU,197217128,-9.3489
HIGHRES_IMU,197224106,-9.3489
HIGHRES_IMU,197238003,-9.3490
HIGHRES_IMU,197244932,-9.3490
HIGHRES_IMU,197252059,-9.3490
HIGHRES_IMU,197258867,-9.3490
HIGHRES_IMU,197265741,-9.3491
HIGHRES_IMU,197279604,-9.3490
HIGHRES_IMU,197286582,-9.3490
HIGHRES_IMU,197293497,-9.3490
HIGHRES_IMU,197300402,-9.3490
HIGHRES_IMU,197314330,-9.3491
HIGHRES_IMU,197321338,-9.3489
HIGHRES_IMU,197328253,-9.3490
HIGHRES_IMU,197335354,-9.3490
HIGHRES_IMU,197349121,-9.3490
HIGHRES_IMU,197356149,-9.3490
HIGHRES_IMU,197363037,-9.3490
HIGHRES_IMU,197376958,-9.3490
HIGHRES_IMU,197383887,-9.3490
HIGHRES_IMU,197390765,-9.3489
HIGHRES_IMU,197397776,-9.3491
HIGHRES_IMU,197411626,-9.3490
HIGHRES_IMU,197418540,-9.3490
HIGHRES_IMU,197425560,-9.3490
HIGHRES_IMU,197432575,-9.3489
HIGHRES_IMU,197446401,-9.3490
HIGHRES_IMU,197453330,-9.3490
HIGHRES_IMU,197460293,-9.3489
HIGHRES_IMU,197467229,-9.3489
HIGHRES_IMU,197481100,-9.3489
HIGHRES_IMU,197488066,-9.3489
HIGHRES_IMU,197494926,-9.3490
HIGHRES_IMU,197501876,-9.3489
HIGHRES_IMU,197515807,-9.3489
HIGHRES_IMU,197522796,-9.3489
HIGHRES_IMU,197529648,-9.3490
HIGHRES_IMU,197543546,-9.3490
HIGHRES_IMU,197550469,-9.3489
HIGHRES_IMU,197559581,-9.3490
HIGHRES_IMU,197565411,-9.3491
HIGHRES_IMU,197572494,-9.3488
HIGHRES_IMU,197586343,-9.3490
HIGHRES_IMU,197593287,-9.3489
HIGHRES_IMU,197600171,-9.3490
HIGHRES_IMU,197607308,-9.3489
HIGHRES_IMU,197621036,-9.3489
HIGHRES_IMU,197627946,-9.3489
HIGHRES_IMU,197634936,-9.3490
HIGHRES_IMU,197648840,-9.3489
HIGHRES_IMU,197655799,-9.3489
HIGHRES_IMU,197662708,-9.3490
HIGHRES_IMU,197669702,-9.3489
HIGHRES_IMU,197683575,-9.3489
HIGHRES_IMU,197690497,-9.3490
HIGHRES_IMU,197697427,-9.3489
HIGHRES_IMU,197704392,-9.3489
HIGHRES_IMU,197718316,-9.3490
HIGHRES_IMU,197725230,-9.3489
HIGHRES_IMU,197732124,-9.3489
HIGHRES_IMU,197739125,-9.3489
HIGHRES_IMU,197753047,-9.3489
HIGHRES_IMU,197760005,-9.3489
HIGHRES_IMU,197766870,-9.3489
HIGHRES_IMU,197773967,-9.3489
HIGHRES_IMU,197780911,-9.3489
HIGHRES_IMU,197794733,-9.3489
HIGHRES_IMU,197801610,-9.3489
HIGHRES_IMU,197808645,-9.3489
HIGHRES_IMU,197815819,-9.3489
HIGHRES_IMU,197829386,-9.3489
HIGHRES_IMU,197836327,-9.3490
HIGHRES_IMU,197843294,-9.3489
HIGHRES_IMU,197850300,-9.3489
HIGHRES_IMU,197864110,-9.3489
HIGHRES_IMU,197871158,-9.3489
HIGHRES_IMU,197878048,-9.3489
HIGHRES_IMU,197884978,-9.3489
HIGHRES_IMU,197898892,-9.3489
HIGHRES_IMU,197905876,-9.3488
HIGHRES_IMU,197912759,-9.3489
HIGHRES_IMU,197926715,-9.3489
HIGHRES_IMU,197933568,-9.3489
HIGHRES_IMU,197940935,-9.3489
HIGHRES_IMU,197947867,-9.3489
HIGHRES_IMU,197961819,-9.3489
HIGHRES_IMU,197968669,-9.3489
HIGHRES_IMU,197975606,-9.3490
HIGHRES_IMU,197982558,-9.3488
HIGHRES_IMU,197996393,-9.3489
HIGHRES_IMU,198003442,-9.3488
HIGHRES_IMU,198010296,-9.3489
HIGHRES_IMU,198017261,-9.3489
HIGHRES_IMU,198031156,-9.3489
HIGHRES_IMU,198038159,-9.3489
HIGHRES_IMU,198045109,-9.3488
HIGHRES_IMU,198058979,-9.3489
HIGHRES_IMU,198065994,-9.3488
HIGHRES_IMU,198072932,-9.3489
HIGHRES_IMU,198079870,-9.3488
HIGHRES_IMU,198093734,-9.3489
HIGHRES_IMU,198100679,-9.3488
HIGHRES_IMU,198107618,-9.3489
HIGHRES_IMU,198121491,-9.3489
HIGHRES_IMU,198128543,-9.3488
HIGHRES_IMU,198135406,-9.3489
HIGHRES_IMU,198142378,-9.3488
HIGHRES_IMU,198156270,-9.3488
HIGHRES_IMU,198163217,-9.3489
HIGHRES_IMU,198170218,-9.3489
HIGHRES_IMU,198177095,-9.3489
HIGHRES_IMU,198190983,-9.3489
HIGHRES_IMU,198197903,-9.3488
HIGHRES_IMU,198204956,-9.3488
HIGHRES_IMU,198218801,-9.3489
HIGHRES_IMU,198225735,-9.3488
HIGHRES_IMU,198232643,-9.3488
HIGHRES_IMU,198239670,-9.3489
HIGHRES_IMU,198253501,-9.3488
HIGHRES_IMU,198260409,-9.3489
HIGHRES_IMU,198267388,-9.3489
HIGHRES_IMU,198274436,-9.3488
HIGHRES_IMU,198288323,-9.3488
HIGHRES_IMU,198295166,-9.3488
HIGHRES_IMU,198302210,-9.3489
HIGHRES_IMU,198315985,-9.3488
HIGHRES_IMU,198322941,-9.3488
HIGHRES_IMU,198329968,-9.3488
HIGHRES_IMU,198336858,-9.3488
HIGHRES_IMU,198350717,-9.3489
HIGHRES_IMU,198357721,-9.3488
HIGHRES_IMU,198364636,-9.3489
HIGHRES_IMU,198371565,-9.3488
HIGHRES_IMU,198385578,-9.3488
HIGHRES_IMU,198392420,-9.3488
HIGHRES_IMU,198399355,-9.3489
HIGHRES_IMU,198406312,-9.3488
HIGHRES_IMU,198420172,-9.3488
HIGHRES_IMU,198427198,-9.3488
HIGHRES_IMU,198434065,-9.3488
HIGHRES_IMU,198447980,-9.3488
HIGHRES_IMU,198454958,-9.3488
HIGHRES_IMU,198461897,-9.3489
HIGHRES_IMU,198468807,-9.3488
HIGHRES_IMU,198482715,-9.3488
HIGHRES_IMU,198489610,-9.3488
HIGHRES_IMU,198496566,-9.3488
HIGHRES_IMU,198503527,-9.3488
HIGHRES_IMU,198517413,-9.3488
HIGHRES_IMU,198524451,-9.3488
HIGHRES_IMU,198531284,-9.3488
HIGHRES_IMU,198538307,-9.3488
HIGHRES_IMU,198552166,-9.3488
HIGHRES_IMU,198559055,-9.3488
HIGHRES_IMU,198565970,-9.3488
HIGHRES_IMU,198572947,-9.3488
HIGHRES_IMU,198586905,-9.3488
HIGHRES_IMU,198593831,-9.3488
HIGHRES_IMU,198600701,-9.3488
HIGHRES_IMU,198607700,-9.3488
HIGHRES_IMU,198621553,-9.3488
HIGHRES_IMU,198628503,-9.3488
HIGHRES_IMU,198635467,-9.3488
HIGHRES_IMU,198649352,-9.3488
HIGHRES_IMU,198656287,-9.3488
HIGHRES_IMU,198663412,-9.3487
HIGHRES_IMU,198670161,-9.3488
HIGHRES_IMU,198684070,-9.3488
HIGHRES_IMU,198691062,-9.3488
HIGHRES_IMU,198697931,-9.3488
HIGHRES_IMU,198704915,-9.3487
HIGHRES_IMU,198718860,-9.3488
HIGHRES_IMU,198725746,-9.3488
HIGHRES_IMU,198732700,-9.3488
HIGHRES_IMU,198739641,-9.3488
HIGHRES_IMU,198753523,-9.3488
HIGHRES_IMU,198760516,-9.3487
HIGHRES_IMU,198767406,-9.3488
HIGHRES_IMU,198781316,-9.3488
HIGHRES_IMU,198788238,-9.3488
HIGHRES_IMU,198795210,-9.3487
HIGHRES_IMU,198802178,-9.3488
HIGHRES_IMU,198816046,-9.3487
HIGHRES_IMU,198822992,-9.3488
HIGHRES_IMU,198829965,-9.3487
HIGHRES_IMU,198836913,-9.3488
HIGHRES_IMU,198850744,-9.3488
HIGHRES_IMU,198857701,-9.3487
HIGHRES_IMU,198864649,-9.3488
HIGHRES_IMU,198871826,-9.3488
HIGHRES_IMU,198885480,-9.3487
HIGHRES_IMU,198892515,-9.3488
HIGHRES_IMU,198899326,-9.3487
HIGHRES_IMU,198906452,-9.3487
HIGHRES_IMU,198920249,-9.3487
HIGHRES_IMU,198927141,-9.3488
HIGHRES_IMU,198934267,-9.3487
HIGHRES_IMU,198947949,-9.3487
HIGHRES_IMU,198955032,-9.3488
HIGHRES_IMU,198961857,-9.3487
HIGHRES_IMU,198968791,-9.3488
HIGHRES_IMU,198982757,-9.3487
HIGHRES_IMU,198989639,-9.3487
HIGHRES_IMU,198996580,-9.3488
HIGHRES_IMU,199003591,-9.3487
HIGHRES_IMU,199017408,-9.3487
HIGHRES_IMU,199024353,-9.3488
HIGHRES_IMU,199031354,-9.3487
HIGHRES_IMU,199038278,-9.3487
HIGHRES_IMU,199045278,-9.3488
HIGHRES_IMU,199059088,-9.3488
HIGHRES_IMU,199066081,-9.3487
HIGHRES_IMU,199073045,-9.3487
HIGHRES_IMU,199086913,-9.3487
HIGHRES_IMU,199093805,-9.3488
HIGHRES_IMU,199100731,-9.3487
HIGHRES_IMU,199107716,-9.3487
HIGHRES_IMU,199114627,-9.3487
HIGHRES_IMU,199128496,-9.3487
HIGHRES_IMU,199135464,-9.3487
HIGHRES_IMU,199142456,-9.3487
HIGHRES_IMU,199156380,-9.3487
HIGHRES_IMU,199163255,-9.3488
HIGHRES_IMU,199170252,-9.3487
HIGHRES_IMU,199177162,-9.3487
HIGHRES_IMU,199191038,-9.3488
HIGHRES_IMU,199197964,-9.3487
HIGHRES_IMU,199204934,-9.3487
HIGHRES_IMU,199218892,-9.3487
HIGHRES_IMU,199225839,-9.3487
HIGHRES_IMU,199232800,-9.3487
HIGHRES_IMU,199239733,-9.3486
HIGHRES_IMU,199253675,-9.3487
HIGHRES_IMU,199260578,-9.3487
HIGHRES_IMU,199267574,-9.3487
HIGHRES_IMU,199274437,-9.3487
HIGHRES_IMU,199281425,-9.3487
HIGHRES_IMU,199295433,-9.3487
HIGHRES_IMU,199302190,-9.3487
HIGHRES_IMU,199309161,-9.3487
HIGHRES_IMU,199316053,-9.3487
HIGHRES_IMU,199329926,-9.3487
HIGHRES_IMU,199337017,-9.3487
HIGHRES_IMU,199343862,-9.3487
HIGHRES_IMU,199357712,-9.3486
HIGHRES_IMU,199364685,-9.3487
HIGHRES_IMU,199371619,-9.3486
HIGHRES_IMU,199378613,-9.3487
HIGHRES_IMU,199392476,-9.3487
HIGHRES_IMU,199399492,-9.3486
HIGHRES_IMU,199406399,-9.3487
HIGHRES_IMU,199420300,-9.3486
HIGHRES_IMU,199427215,-9.3487
HIGHRES_IMU,199434132,-9.3486
HIGHRES_IMU,199441130,-9.3487
HIGHRES_IMU,199454976,-9.3486
HIGHRES_IMU,199461954,-9.3487
HIGHRES_IMU,199468830,-9.3487
HIGHRES_IMU,199475803,-9.3487
HIGHRES_IMU,199489751,-9.3487
HIGHRES_IMU,199496628,-9.3486
HIGHRES_IMU,199503566,-9.3486
HIGHRES_IMU,199517438,-9.3486
HIGHRES_IMU,199524417,-9.3486
HIGHRES_IMU,199531378,-9.3486
HIGHRES_IMU,199538327,-9.3487
HIGHRES_IMU,199552229,-9.3486
HIGHRES_IMU,199559148,-9.3487
HIGHRES_IMU,199566038,-9.3486
HIGHRES_IMU,199573006,-9.3487
HIGHRES_IMU,199579920,-9.3486
HIGHRES_IMU,199593862,-9.3487
HIGHRES_IMU,199600778,-9.3486
HIGHRES_IMU,199607820,-9.3487
HIGHRES_IMU,199621618,-9.3487
HIGHRES_IMU,199628545,-9.3486
HIGHRES_IMU,199635553,-9.3486
HIGHRES_IMU,199649446,-9.3486
HIGHRES_IMU,199656375,-9.3487
HIGHRES_IMU,199663286,-9.3486
HIGHRES_IMU,199670274,-9.3487
HIGHRES_IMU,199684140,-9.3487
HIGHRES_IMU,199691082,-9.3486
HIGHRES_IMU,199698023,-9.3486
HIGHRES_IMU,199704976,-9.3487
HIGHRES_IMU,199718854,-9.3486
HIGHRES_IMU,199725829,-9.3486
HIGHRES_IMU,199732781,-9.3487
HIGHRES_IMU,199746645,-9.3487
HIGHRES_IMU,199753568,-9.3486
HIGHRES_IMU,199760516,-9.3486
HIGHRES_IMU,199767401,-9.3487
HIGHRES_IMU,199774377,-9.3486
HIGHRES_IMU,199788377,-9.3486
HIGHRES_IMU,199795253,-9.3487
HIGHRES_IMU,199809201,-9.3486
HIGHRES_IMU,199816141,-9.3487
HIGHRES_IMU,199823098,-9.3486
HIGHRES_IMU,199829934,-9.3486
HIGHRES_IMU,199843842,-9.3486
HIGHRES_IMU,199850834,-9.3487
HIGHRES_IMU,199857813,-9.3486
HIGHRES_IMU,199864693,-9.3486
HIGHRES_IMU,199878593,-9.3486
HIGHRES_IMU,199885562,-9.3486
HIGHRES_IMU,199892522,-9.3486
HIGHRES_IMU,199899423,-9.3486
HIGHRES_IMU,199913310,-9.3486
HIGHRES_IMU,199920239,-9.3486
HIGHRES_IMU,199927200,-9.3486
HIGHRES_IMU,199941107,-9.3486
HIGHRES_IMU,199948047,-9.3486
HIGHRES_IMU,199955000,-9.3486
HIGHRES_IMU,199961902,-9.3486
HIGHRES_IMU,199975833,-9.3485
HIGHRES_IMU,199982767,-9.3486
HIGHRES_IMU,199989725,-9.3486
HIGHRES_IMU,199996577,-9.3486
HIGHRES_IMU,200003580,-9.3485
HIGHRES_IMU,200017465,-9.3486
HIGHRES_IMU,200024432,-9.3486
HIGHRES_IMU,200031331,-9.3486
HIGHRES_IMU,200038547,-9.3485
HIGHRES_IMU,200052235,-9.3485
HIGHRES_IMU,200059161,-9.3486
HIGHRES_IMU,200066152,-9.3485
HIGHRES_IMU,200073094,-9.3486
HIGHRES_IMU,200086940,-9.3486
HIGHRES_IMU,200093909,-9.3486
HIGHRES_IMU,200100835,-9.3485
HIGHRES_IMU,200107768,-9.3486
HIGHRES_IMU,200121682,-9.3486
HIGHRES_IMU,200128549,-9.3486
HIGHRES_IMU,200135585,-9.3486
HIGHRES_IMU,200149397,-9.3486
HIGHRES_IMU,200156334,-9.3485
HIGHRES_IMU,200163305,-9.3486
HIGHRES_IMU,200170235,-9.3485
HIGHRES_IMU,200184139,-9.3485
HIGHRES_IMU,200191086,-9.3485
HIGHRES_IMU,200198023,-9.3486
HIGHRES_IMU,200204972,-9.3485
HIGHRES_IMU,200218973,-9.3485
HIGHRES_IMU,200225854,-9.3486
HIGHRES_IMU,200232877,-9.3486
HIGHRES_IMU,200239694,-9.3485
HIGHRES_IMU,200253638,-9.3485
HIGHRES_IMU,200260608,-9.3486
HIGHRES_IMU,200267512,-9.3485
HIGHRES_IMU,200274521,-9.3486
HIGHRES_IMU,200288398,-9.3486
HIGHRES_IMU,200295281,-9.3485
HIGHRES_IMU,200302250,-9.3486
HIGHRES_IMU,200309395,-9.3485
HIGHRES_IMU,200323095,-9.3486
HIGHRES_IMU,200330030,-9.3485
HIGHRES_IMU,200336976,-9.3486
HIGHRES_IMU,200350924,-9.3486
HIGHRES_IMU,200357830,-9.3485
HIGHRES_IMU,200364860,-9.3486
HIGHRES_IMU,200371741,-9.3485
HIGHRES_IMU,200385603,-9.3486
HIGHRES_IMU,200392756,-9.3485
HIGHRES_IMU,200399437,-9.3486
HIGHRES_IMU,200413346,-9.3486
HIGHRES_IMU,200420287,-9.3485
HIGHRES_IMU,200427279,-9.3486
HIGHRES_IMU,200434222,-9.3485
HIGHRES_IMU,200448059,-9.3485
HIGHRES_IMU,200454983,-9.3485
HIGHRES_IMU,200461965,-9.3486
HIGHRES_IMU,200468873,-9.3485
HIGHRES_IMU,200475832,-9.3485
HIGHRES_IMU,200489777,-9.3485
HIGHRES_IMU,200496666,-9.3485
HIGHRES_IMU,200503664,-9.3485
HIGHRES_IMU,200517582,-9.3486
HIGHRES_IMU,200524489,-9.3485
HIGHRES_IMU,200531372,-9.3485
HIGHRES_IMU,200538332,-9.3486
HIGHRES_IMU,200552417,-9.3485
HIGHRES_IMU,200559225,-9.3485
HIGHRES_IMU,200566137,-9.3485
HIGHRES_IMU,200580116,-9.3485
HIGHRES_IMU,200586991,-9.3485
HIGHRES_IMU,200593944,-9.3486
HIGHRES_IMU,200600898,-9.3485
HIGHRES_IMU,200614785,-9.3485
HIGHRES_IMU,200621878,-9.3485
HIGHRES_IMU,200628683,-9.3485
HIGHRES_IMU,200635654,-9.3485
HIGHRES_IMU,200649473,-9.3485
HIGHRES_IMU,200656404,-9.3485
HIGHRES_IMU,200663385,-9.3485
HIGHRES_IMU,200677342,-9.3485
HIGHRES_IMU,200684261,-9.3485
HIGHRES_IMU,200691197,-9.3485
HIGHRES_IMU,200698139,-9.3485
HIGHRES_IMU,200712033,-9.3485
HIGHRES_IMU,200718940,-9.3485
HIGHRES_IMU,200725921,-9.3485
HIGHRES_IMU,200732839,-9.3485
HIGHRES_IMU,200739828,-9.3485
HIGHRES_IMU,200753691,-9.3485
HIGHRES_IMU,200760700,-9.3485
HIGHRES_IMU,200767637,-9.3485
HIGHRES_IMU,200781516,-9.3485
HIGHRES_IMU,200788434,-9.3485
HIGHRES_IMU,200795354,-9.3485
HIGHRES_IMU,200802312,-9.3485
HIGHRES_IMU,200816219,-9.3485
HIGHRES_IMU,200823188,-9.3485
HIGHRES_IMU,200830131,-9.3485
HIGHRES_IMU,200837107,-9.3485
HIGHRES_IMU,200850922,-9.3485
HIGHRES_IMU,200857912,-9.3485
HIGHRES_IMU,200864802,-9.3485
HIGHRES_IMU,200871875,-9.3485
HIGHRES_IMU,200885636,-9.3484
HIGHRES_IMU,200892764,-9.3485
HIGHRES_IMU,200899639,-9.3484
HIGHRES_IMU,200906563,-9.3485
HIGHRES_IMU,200920361,-9.3485
HIGHRES_IMU,200927338,-9.3484
HIGHRES_IMU,200934265,-9.3485
HIGHRES_IMU,200948128,-9.3485
HIGHRES_IMU,200955103,-9.3485
HIGHRES_IMU,200962106,-9.3485
HIGHRES_IMU,200968996,-9.3485
HIGHRES_IMU,200982908,-9.3484
HIGHRES_IMU,200989812,-9.3485
HIGHRES_IMU,200996811,-9.3484
HIGHRES_IMU,201003713,-9.3485
HIGHRES_IMU,201017603,-9.3485
HIGHRES_IMU,201024589,-9.3484
HIGHRES_IMU,201031526,-9.3484
HIGHRES_IMU,201045466,-9.3484
HIGHRES_IMU,201052422,-9.3485
HIGHRES_IMU,201059332,-9.3484
HIGHRES_IMU,201066193,-9.3485
HIGHRES_IMU,201073181,-9.3484
HIGHRES_IMU,201087193,-9.3484
HIGHRES_IMU,201094046,-9.3485
HIGHRES_IMU,201101025,-9.3484
HIGHRES_IMU,201107963,-9.3484
HIGHRES_IMU,201121863,-9.3484
HIGHRES_IMU,201128759,-9.3485
HIGHRES_IMU,201135732,-9.3484
HIGHRES_IMU,201142787,-9.3485
HIGHRES_IMU,201156607,-9.3484
HIGHRES_IMU,201163572,-9.3485
HIGHRES_IMU,201170490,-9.3484
HIGHRES_IMU,201184500,-9.3484
HIGHRES_IMU,201191350,-9.3485
HIGHRES_IMU,201198401,-9.3484
HIGHRES_IMU,201205258,-9.3485
HIGHRES_IMU,201219097,-9.3484
HIGHRES_IMU,201226023,-9.3485
HIGHRES_IMU,201232984,-9.3484
HIGHRES_IMU,201239941,-9.3485
HIGHRES_IMU,201253798,-9.3484
HIGHRES_IMU,201260783,-9.3485
HIGHRES_IMU,201267737,-9.3484
HIGHRES_IMU,201274832,-9.3484
HIGHRES_IMU,201288555,-9.3484
HIGHRES_IMU,201295453,-9.3484
HIGHRES_IMU,201302440,-9.3484
HIGHRES_IMU,201309411,-9.3485
HIGHRES_IMU,201323286,-9.3485
HIGHRES_IMU,201330174,-9.3484
HIGHRES_IMU,201337158,-9.3484
HIGHRES_IMU,201344206,-9.3484
HIGHRES_IMU,201357971,-9.3485
HIGHRES_IMU,201364930,-9.3484
HIGHRES_IMU,201374743,-9.3484
HIGHRES_IMU,201379048,-9.3484
HIGHRES_IMU,201392751,-9.3484
HIGHRES_IMU,201400773,-9.3484
HIGHRES_IMU,201407481,-9.3484
HIGHRES_IMU,201414180,-9.3484
HIGHRES_IMU,201428394,-9.3484
HIGHRES_IMU,201435002,-9.3484
HIGHRES_IMU,201442084,-9.3484
HIGHRES_IMU,201448388,-9.3484
HIGHRES_IMU,201462265,-9.3484
HIGHRES_IMU,201469226,-9.3484
HIGHRES_IMU,201478202,-9.3484
HIGHRES_IMU,201490134,-9.3484
HIGHRES_IMU,201496899,-9.3484
HIGHRES_IMU,201503929,-9.3484
HIGHRES_IMU,201517819,-9.3484
HIGHRES_IMU,201524807,-9.3484
HIGHRES_IMU,201531934,-9.3484
HIGHRES_IMU,201538985,-9.3484
HIGHRES_IMU,201552570,-9.3484
HIGHRES_IMU,201559505,-9.3483
HIGHRES_IMU,201566439,-9.3484
HIGHRES_IMU,201573399,-9.3484
HIGHRES_IMU,201589105,-9.3484
HIGHRES_IMU,201594303,-9.3484
HIGHRES_IMU,201601291,-9.3484
HIGHRES_IMU,201615058,-9.3484
HIGHRES_IMU,201623905,-9.3484
HIGHRES_IMU,201629207,-9.3484
HIGHRES_IMU,201636448,-9.3484
HIGHRES_IMU,201643727,-9.3484
HIGHRES_IMU,201656993,-9.3484
HIGHRES_IMU,201663718,-9.3484
HIGHRES_IMU,201670680,-9.3484
HIGHRES_IMU,201677643,-9.3484
HIGHRES_IMU,201691540,-9.3483
HIGHRES_IMU,201698431,-9.3484
HIGHRES_IMU,201705455,-9.3484
HIGHRES_IMU,201712353,-9.3483
HIGHRES_IMU,201726235,-9.3483
HIGHRES_IMU,201733297,-9.3484
HIGHRES_IMU,201740413,-9.3484
HIGHRES_IMU,201747252,-9.3483
HIGHRES_IMU,201761140,-9.3484
HIGHRES_IMU,201768167,-9.3483
HIGHRES_IMU,201775173,-9.3484
HIGHRES_IMU,201782134,-9.3484
HIGHRES_IMU,201795782,-9.3484
HIGHRES_IMU,201802785,-9.3483
HIGHRES_IMU,201809739,-9.3484
HIGHRES_IMU,201816693,-9.3484
HIGHRES_IMU,201830507,-9.3484
HIGHRES_IMU,201837528,-9.3483
HIGHRES_IMU,201844519,-9.3483
HIGHRES_IMU,201851391,-9.3484
HIGHRES_IMU,201865206,-9.3484
HIGHRES_IMU,201872198,-9.3483
HIGHRES_IMU,201879155,-9.3483
HIGHRES_IMU,201886108,-9.3484
HIGHRES_IMU,201899972,-9.3483
HIGHRES_IMU,201906986,-9.3483
HIGHRES_IMU,201914065,-9.3484
HIGHRES_IMU,201927750,-9.3484
HIGHRES_IMU,201934765,-9.3483
HIGHRES_IMU,201941682,-9.3484
HIGHRES_IMU,201948650,-9.3483
HIGHRES_IMU,201962466,-9.3484
HIGHRES_IMU,201969427,-9.3483
HIGHRES_IMU,201976401,-9.3483
HIGHRES_IMU,201983348,-9.3484
HIGHRES_IMU,201997196,-9.3483
HIGHRES_IMU,202004193,-9.3483
HIGHRES_IMU,202011103,-9.3483
HIGHRES_IMU,202018069,-9.3483
HIGHRES_IMU,202031952,-9.3483
HIGHRES_IMU,202039154,-9.3483
HIGHRES_IMU,202045986,-9.3484
HIGHRES_IMU,202052846,-9.3483
HIGHRES_IMU,202066675,-9.3483
HIGHRES_IMU,202073664,-9.3483
HIGHRES_IMU,202080600,-9.3483
HIGHRES_IMU,202094503,-9.3483
HIGHRES_IMU,202101433,-9.3483
HIGHRES_IMU,202108383,-9.3483
HIGHRES_IMU,202115325,-9.3483
HIGHRES_IMU,202129217,-9.3483
HIGHRES_IMU,202136167,-9.3483
HIGHRES_IMU,202143130,-9.3483
HIGHRES_IMU,202150108,-9.3483
HIGHRES_IMU,202163913,-9.3483
HIGHRES_IMU,202170860,-9.3483
HIGHRES_IMU,202177823,-9.3483
HIGHRES_IMU,202184762,-9.3483
HIGHRES_IMU,202198616,-9.3483
HIGHRES_IMU,202205594,-9.3483
HIGHRES_IMU,202212553,-9.3483
HIGHRES_IMU,202219550,-9.3483
HIGHRES_IMU,202233354,-9.3483
HIGHRES_IMU,202240303,-9.3483
HIGHRES_IMU,202247286,-9.3483
HIGHRES_IMU,202254200,-9.3483
HIGHRES_IMU,202268078,-9.3483
HIGHRES_IMU,202275047,-9.3483
HIGHRES_IMU,202282024,-9.3483
HIGHRES_IMU,202289002,-9.3483
HIGHRES_IMU,202302895,-9.3483
HIGHRES_IMU,202309809,-9.3483
HIGHRES_IMU,202316781,-9.3483
HIGHRES_IMU,202330659,-9.3483
HIGHRES_IMU,202337576,-9.3482
HIGHRES_IMU,202344577,-9.3483
HIGHRES_IMU,202351528,-9.3482
HIGHRES_IMU,202365389,-9.3482
HIGHRES_IMU,202372319,-9.3483
HIGHRES_IMU,202379299,-9.3482
HIGHRES_IMU,202386187,-9.3483
HIGHRES_IMU,202400157,-9.3483
HIGHRES_IMU,202407135,-9.3482
HIGHRES_IMU,202414025,-9.3483
HIGHRES_IMU,202420979,-9.3482
HIGHRES_IMU,202434873,-9.3482
HIGHRES_IMU,202441865,-9.3483
HIGHRES_IMU,202448731,-9.3482
HIGHRES_IMU,202455729,-9.3483
HIGHRES_IMU,202469601,-9.3483
HIGHRES_IMU,202476612,-9.3483
HIGHRES_IMU,202483495,-9.3483
HIGHRES_IMU,202490396,-9.3483
HIGHRES_IMU,202504268,-9.3483
HIGHRES_IMU,202511217,-9.3482
HIGHRES_IMU,202518148,-9.3483
HIGHRES_IMU,202532042,-9.3482
HIGHRES_IMU,202539015,-9.3483
HIGHRES_IMU,202546317,-9.3482
HIGHRES_IMU,202552869,-9.3483
HIGHRES_IMU,202566759,-9.3483
HIGHRES_IMU,202573772,-9.3482
HIGHRES_IMU,202580731,-9.3482
HIGHRES_IMU,202587826,-9.3483
HIGHRES_IMU,202601617,-9.3483
HIGHRES_IMU,202608585,-9.3483
HIGHRES_IMU,202615540,-9.3483
HIGHRES_IMU,202622464,-9.3482
HIGHRES_IMU,202636340,-9.3483
HIGHRES_IMU,202643295,-9.3482
HIGHRES_IMU,202650199,-9.3482
HIGHRES_IMU,202657196,-9.3483
HIGHRES_IMU,202671080,-9.3483
HIGHRES_IMU,202678209,-9.3482
HIGHRES_IMU,202684943,-9.3483
HIGHRES_IMU,202691978,-9.3482
HIGHRES_IMU,202705800,-9.3482
HIGHRES_IMU,202712773,-9.3482
HIGHRES_IMU,202719679,-9.3482
HIGHRES_IMU,202726637,-9.3483
HIGHRES_IMU,202740656,-9.3483
HIGHRES_IMU,202747513,-9.3482
HIGHRES_IMU,202754442,-9.3483
HIGHRES_IMU,202761388,-9.3482
HIGHRES_IMU,202775252,-9.3483
HIGHRES_IMU,202782163,-9.3482
HIGHRES_IMU,202789097,-9.3482
HIGHRES_IMU,202796043,-9.3482
HIGHRES_IMU,202802982,-9.3482
HIGHRES_IMU,202816942,-9.3482
HIGHRES_IMU,202823874,-9.3483
HIGHRES_IMU,202830741,-9.3482
HIGHRES_IMU,202844691,-9.3482
HIGHRES_IMU,202851754,-9.3482
HIGHRES_IMU,202858641,-9.3482
HIGHRES_IMU,202865533,-9.3483
HIGHRES_IMU,202879437,-9.3482
HIGHRES_IMU,202886389,-9.3482
HIGHRES_IMU,202893346,-9.3482
HIGHRES_IMU,202900245,-9.3482
HIGHRES_IMU,202914206,-9.3482
HIGHRES_IMU,202921113,-9.3482
HIGHRES_IMU,202928063,-9.3482
HIGHRES_IMU,202935043,-9.3482
HIGHRES_IMU,202948895,-9.3482
HIGHRES_IMU,202955817,-9.3482
HIGHRES_IMU,202962896,-9.3482
HIGHRES_IMU,202969711,-9.3483
HIGHRES_IMU,202983581,-9.3482
HIGHRES_IMU,202990532,-9.3482
HIGHRES_IMU,202997483,-9.3482
HIGHRES_IMU,203004451,-9.3482
HIGHRES_IMU,203018378,-9.3482
HIGHRES_IMU,203025253,-9.3482
HIGHRES_IMU,203032187,-9.3482
HIGHRES_IMU,203046141,-9.3482
HIGHRES_IMU,203053134,-9.3482
HIGHRES_IMU,203060024,-9.3482
HIGHRES_IMU,203066951,-9.3482
HIGHRES_IMU,203080908,-9.3482
HIGHRES_IMU,203087807,-9.3482
HIGHRES_IMU,203094761,-9.3482
HIGHRES_IMU,203108729,-9.3482
HIGHRES_IMU,203115689,-9.3482
HIGHRES_IMU,203122650,-9.3482
HIGHRES_IMU,203129605,-9.3482
HIGHRES_IMU,203143435,-9.3482
HIGHRES_IMU,203150551,-9.3482
HIGHRES_IMU,203157423,-9.3482
HIGHRES_IMU,203171276,-9.3482
HIGHRES_IMU,203178131,-9.3482
HIGHRES_IMU,203185106,-9.3482
HIGHRES_IMU,203192079,-9.3482
HIGHRES_IMU,203205948,-9.3482
HIGHRES_IMU,203212875,-9.3482
HIGHRES_IMU,203219885,-9.3482
HIGHRES_IMU,203233723,-9.3482
HIGHRES_IMU,203240745,-9.3482
HIGHRES_IMU,203247604,-9.3482
HIGHRES_IMU,203254650,-9.3482
HIGHRES_IMU,203268429,-9.3482
HIGHRES_IMU,203275388,-9.3482
HIGHRES_IMU,203282331,-9.3482
HIGHRES_IMU,203296198,-9.3482
HIGHRES_IMU,203303190,-9.3482
HIGHRES_IMU,203310229,-9.3481
HIGHRES_IMU,203317101,-9.3481
HIGHRES_IMU,203330926,-9.3481
HIGHRES_IMU,203337907,-9.3482
HIGHRES_IMU,203344913,-9.3481
HIGHRES_IMU,203351778,-9.3482
HIGHRES_IMU,203358781,-9.3482
HIGHRES_IMU,203372663,-9.3482
HIGHRES_IMU,203379632,-9.3481
HIGHRES_IMU,203386597,-9.3482
HIGHRES_IMU,203400392,-9.3482
HIGHRES_IMU,203407351,-9.3481
HIGHRES_IMU,203414308,-9.3482
HIGHRES_IMU,203421270,-9.3481
HIGHRES_IMU,203435157,-9.3482
HIGHRES_IMU,203442111,-9.3481
HIGHRES_IMU,203449037,-9.3482
HIGHRES_IMU,203456021,-9.3481
HIGHRES_IMU,203469929,-9.3482
HIGHRES_IMU,203476911,-9.3482
HIGHRES_IMU,203483798,-9.3482
HIGHRES_IMU,203490733,-9.3482
HIGHRES_IMU,203504730,-9.3482
HIGHRES_IMU,203511631,-9.3481
HIGHRES_IMU,203518541,-9.3482
HIGHRES_IMU,203525516,-9.3481
HIGHRES_IMU,203539358,-9.3481
HIGHRES_IMU,203546343,-9.3482
HIGHRES_IMU,203553258,-9.3481
HIGHRES_IMU,203560177,-9.3482
HIGHRES_IMU,203574106,-9.3482
HIGHRES_IMU,203581029,-9.3481
HIGHRES_IMU,203588066,-9.3482
HIGHRES_IMU,203594861,-9.3481
HIGHRES_IMU,203608849,-9.3481
HIGHRES_IMU,203615802,-9.3481
HIGHRES_IMU,203622757,-9.3482
HIGHRES_IMU,203629609,-9.3481
HIGHRES_IMU,203643583,-9.3481
HIGHRES_IMU,203650455,-9.3482
HIGHRES_IMU,203657401,-9.3481
HIGHRES_IMU,203671261,-9.3481
HIGHRES_IMU,203678227,-9.3482
HIGHRES_IMU,203685203,-9.3481
HIGHRES_IMU,203692092,-9.3482
HIGHRES_IMU,203706041,-9.3481
HIGHRES_IMU,203713050,-9.3481
HIGHRES_IMU,203719962,-9.3481
HIGHRES_IMU,203726982,-9.3481
HIGHRES_IMU,203740804,-9.3482
HIGHRES_IMU,203747700,-9.3481
HIGHRES_IMU,203754702,-9.3482
HIGHRES_IMU,203761587,-9.3481
HIGHRES_IMU,203775508,-9.3481
HIGHRES_IMU,203782538,-9.3481
HIGHRES_IMU,203789593,-9.3481
HIGHRES_IMU,203796333,-9.3482
HIGHRES_IMU,203810280,-9.3482
HIGHRES_IMU,203817203,-9.3481
HIGHRES_IMU,203824189,-9.3481
HIGHRES_IMU,203831038,-9.3481
HIGHRES_IMU,203844957,-9.3482
HIGHRES_IMU,203851921,-9.3481
HIGHRES_IMU,203858847,-9.3482
HIGHRES_IMU,203872726,-9.3481
HIGHRES_IMU,203879706,-9.3481
HIGHRES_IMU,203886698,-9.3482
HIGHRES_IMU,203893615,-9.3481
HIGHRES_IMU,203907566,-9.3481
HIGHRES_IMU,203914494,-9.3481
HIGHRES_IMU,203921404,-9.3481
HIGHRES_IMU,203928347,-9.3481
HIGHRES_IMU,203935277,-9.3481
HIGHRES_IMU,203949173,-9.3481
HIGHRES_IMU,203956114,-9.3481
HIGHRES_IMU,203963027,-9.3481
HIGHRES_IMU,203970001,-9.3481
HIGHRES_IMU,203983949,-9.3481
HIGHRES_IMU,203990805,-9.3481
HIGHRES_IMU,203997724,-9.3481
HIGHRES_IMU,204011608,-9.3481
HIGHRES_IMU,204018608,-9.3481
HIGHRES_IMU,204025616,-9.3481
HIGHRES_IMU,204032641,-9.3481
HIGHRES_IMU,204046533,-9.3481
HIGHRES_IMU,204053527,-9.3481
HIGHRES_IMU,204060450,-9.3481
HIGHRES_IMU,204067492,-9.3481
HIGHRES_IMU,204081295,-9.3481
HIGHRES_IMU,204089483,-9.3481
HIGHRES_IMU,204095084,-9.3481
HIGHRES_IMU,204109018,-9.3481
HIGHRES_IMU,204115953,-9.3481
HIGHRES_IMU,204122963,-9.3481
HIGHRES_IMU,204129834,-9.3481
HIGHRES_IMU,204143812,-9.3481
HIGHRES_IMU,204150713,-9.3480
HIGHRES_IMU,204157697,-9.3481
HIGHRES_IMU,204164587,-9.3480
HIGHRES_IMU,204178524,-9.3481
HIGHRES_IMU,204185649,-9.3481
HIGHRES_IMU,204192423,-9.3481
HIGHRES_IMU,204199314,-9.3481
HIGHRES_IMU,204213198,-9.3481
HIGHRES_IMU,204220134,-9.3481
HIGHRES_IMU,204227069,-9.3481
HIGHRES_IMU,204233997,-9.3480
HIGHRES_IMU,204241008,-9.3481
HIGHRES_IMU,204254848,-9.3481
HIGHRES_IMU,204261916,-9.3481
HIGHRES_IMU,204268748,-9.3481
HIGHRES_IMU,204282716,-9.3481
HIGHRES_IMU,204289696,-9.3481
HIGHRES_IMU,204296484,-9.3480
HIGHRES_IMU,204303476,-9.3481
HIGHRES_IMU,204317387,-9.3481
HIGHRES_IMU,204324289,-9.3480
HIGHRES_IMU,204331229,-9.3481
HIGHRES_IMU,204345165,-9.3481
HIGHRES_IMU,204352129,-9.3480
HIGHRES_IMU,204359044,-9.3481
HIGHRES_IMU,204365961,-9.3480
HIGHRES_IMU,204379869,-9.3480
HIGHRES_IMU,204386811,-9.3481
HIGHRES_IMU,204393765,-9.3481
HIGHRES_IMU,204400715,-9.3481
HIGHRES_IMU,204414603,-9.3481
HIGHRES_IMU,204421536,-9.3481
HIGHRES_IMU,204428432,-9.3481
HIGHRES_IMU,204442330,-9.3481
HIGHRES_IMU,204449331,-9.3480
HIGHRES_IMU,204456293,-9.3481
HIGHRES_IMU,204463231,-9.3480
HIGHRES_IMU,204470396,-9.3481
HIGHRES_IMU,204484131,-9.3481
HIGHRES_IMU,204491014,-9.3480
HIGHRES_IMU,204497971,-9.3481
HIGHRES_IMU,204504964,-9.3480
HIGHRES_IMU,204518890,-9.3480
HIGHRES_IMU,204525754,-9.3481
HIGHRES_IMU,204532794,-9.3480
HIGHRES_IMU,204539628,-9.3481
HIGHRES_IMU,204553553,-9.3481
HIGHRES_IMU,204560459,-9.3480
HIGHRES_IMU,204567378,-9.3480
HIGHRES_IMU,204574367,-9.3480
HIGHRES_IMU,204588256,-9.3480
HIGHRES_IMU,204595162,-9.3480
HIGHRES_IMU,204602136,-9.3481
HIGHRES_IMU,204609184,-9.3480
HIGHRES_IMU,204622998,-9.3480
HIGHRES_IMU,204629864,-9.3481
HIGHRES_IMU,204636848,-9.3480
HIGHRES_IMU,204650690,-9.3480
HIGHRES_IMU,204657648,-9.3481
HIGHRES_IMU,204664602,-9.3480
HIGHRES_IMU,204671559,-9.3481
HIGHRES_IMU,204685460,-9.3481
HIGHRES_IMU,204692398,-9.3480
HIGHRES_IMU,204699359,-9.3480
HIGHRES_IMU,204706292,-9.3480
HIGHRES_IMU,204720162,-9.3480
HIGHRES_IMU,204727083,-9.3480
HIGHRES_IMU,204734049,-9.3480
HIGHRES_IMU,204741028,-9.3480
HIGHRES_IMU,204754950,-9.3481
HIGHRES_IMU,204762001,-9.3480
HIGHRES_IMU,204768830,-9.3480
HIGHRES_IMU,204782703,-9.3480
HIGHRES_IMU,204789658,-9.3480
HIGHRES_IMU,204796549,-9.3480
HIGHRES_IMU,204803569,-9.3480
HIGHRES_IMU,204817406,-9.3480
HIGHRES_IMU,204824357,-9.3481
HIGHRES_IMU,204831287,-9.3480
HIGHRES_IMU,204838261,-9.3480
HIGHRES_IMU,204845264,-9.3480
HIGHRES_IMU,204859065,-9.3480
HIGHRES_IMU,204865992,-9.3480
HIGHRES_IMU,204872992,-9.3480
HIGHRES_IMU,204879913,-9.3481
HIGHRES_IMU,204886871,-9.3480
HIGHRES_IMU,204900718,-9.3480
HIGHRES_IMU,204907646,-9.3479
HIGHRES_IMU,204914612,-9.3480
HIGHRES_IMU,204928477,-9.3480
HIGHRES_IMU,204935460,-9.3480
HIGHRES_IMU,204942491,-9.3480
HIGHRES_IMU,204956280,-9.3480
HIGHRES_IMU,204963261,-9.3480
HIGHRES_IMU,204970198,-9.3480
HIGHRES_IMU,204977157,-9.3479
HIGHRES_IMU,204984100,-9.3480
HIGHRES_IMU,204997937,-9.3480
HIGHRES_IMU,205004929,-9.3480
HIGHRES_IMU,205011835,-9.3480
HIGHRES_IMU,205025870,-9.3480
HIGHRES_IMU,205032926,-9.3480
HIGHRES_IMU,205039980,-9.3480
HIGHRES_IMU,205046693,-9.3480
HIGHRES_IMU,205060511,-9.3480
HIGHRES_IMU,205067458,-9.3480
HIGHRES_IMU,205074438,-9.3479
HIGHRES_IMU,205081384,-9.3480
HIGHRES_IMU,205088363,-9.3479
HIGHRES_IMU,205102207,-9.3480
HIGHRES_IMU,205109213,-9.3479
HIGHRES_IMU,205116118,-9.3480
HIGHRES_IMU,205123055,-9.3479
HIGHRES_IMU,205136992,-9.3480
HIGHRES_IMU,205143942,-9.3479
HIGHRES_IMU,205150880,-9.3480
HIGHRES_IMU,205164739,-9.3480
HIGHRES_IMU,205171707,-9.3480
HIGHRES_IMU,205178680,-9.3479
HIGHRES_IMU,205185666,-9.3480
HIGHRES_IMU,205199434,-9.3480
HIGHRES_IMU,205206421,-9.3479
HIGHRES_IMU,205213383,-9.3480
HIGHRES_IMU,205220383,-9.3479
HIGHRES_IMU,205234165,-9.3480
HIGHRES_IMU,205241120,-9.3479
HIGHRES_IMU,205248062,-9.3480
HIGHRES_IMU,205262043,-9.3480
HIGHRES_IMU,205268935,-9.3479
HIGHRES_IMU,205275874,-9.3480
HIGHRES_IMU,205289760,-9.3479
HIGHRES_IMU,205296686,-9.3480
HIGHRES_IMU,205303667,-9.3479
HIGHRES_IMU,205310614,-9.3480
HIGHRES_IMU,205324458,-9.3479
HIGHRES_IMU,205331375,-9.3480
HIGHRES_IMU,205338379,-9.3479
HIGHRES_IMU,205345366,-9.3479
HIGHRES_IMU,205359217,-9.3479
HIGHRES_IMU,205366335,-9.3479
HIGHRES_IMU,205373128,-9.3480
HIGHRES_IMU,205380116,-9.3479
HIGHRES_IMU,205393993,-9.3479
HIGHRES_IMU,205400878,-9.3480
HIGHRES_IMU,205407856,-9.3479
HIGHRES_IMU,205414829,-9.3480
HIGHRES_IMU,205421710,-9.3479
HIGHRES_IMU,205436485,-9.3479
HIGHRES_IMU,205443391,-9.3481
HIGHRES_IMU,205450418,-9.3478
HIGHRES_IMU,205457326,-9.3479
HIGHRES_IMU,205471223,-9.3479
HIGHRES_IMU,205478097,-9.3480
HIGHRES_IMU,205485090,-9.3479
HIGHRES_IMU,205492031,-9.3480
HIGHRES_IMU,205505878,-9.3479
HIGHRES_IMU,205512832,-9.3480
HIGHRES_IMU,205519773,-9.3479
HIGHRES_IMU,205526745,-9.3480
HIGHRES_IMU,205540851,-9.3479
HIGHRES_IMU,205547509,-9.3479
HIGHRES_IMU,205554518,-9.3479
HIGHRES_IMU,205561479,-9.3480
HIGHRES_IMU,205575331,-9.3480
HIGHRES_IMU,205582293,-9.3479
HIGHRES_IMU,205589278,-9.3479
HIGHRES_IMU,205603133,-9.3479
HIGHRES_IMU,205610075,-9.3480
HIGHRES_IMU,205616984,-9.3479
HIGHRES_IMU,205623916,-9.3480
HIGHRES_IMU,205637790,-9.3479
HIGHRES_IMU,205644721,-9.3479
HIGHRES_IMU,205651713,-9.3479
HIGHRES_IMU,205658655,-9.3479
HIGHRES_IMU,205672652,-9.3479
HIGHRES_IMU,205679575,-9.3479
HIGHRES_IMU,205686455,-9.3479
HIGHRES_IMU,205700272,-9.3479
HIGHRES_IMU,205707332,-9.3479
HIGHRES_IMU,205714280,-9.3479
HIGHRES_IMU,205721224,-9.3480
HIGHRES_IMU,205735073,-9.3480
HIGHRES_IMU,205742012,-9.3478
HIGHRES_IMU,205748920,-9.3479
HIGHRES_IMU,205755894,-9.3479
HIGHRES_IMU,205769880,-9.3479
HIGHRES_IMU,205776753,-9.3479
HIGHRES_IMU,205783717,-9.3479
HIGHRES_IMU,205797528,-9.3479
HIGHRES_IMU,205804559,-9.3479
HIGHRES_IMU,205811420,-9.3479
HIGHRES_IMU,205818402,-9.3479
HIGHRES_IMU,205832302,-9.3478
HIGHRES_IMU,205839241,-9.3480
HIGHRES_IMU,205846359,-9.3479
HIGHRES_IMU,205853100,-9.3479
HIGHRES_IMU,205867084,-9.3479
HIGHRES_IMU,205874038,-9.3479
HIGHRES_IMU,205880897,-9.3479
HIGHRES_IMU,205887858,-9.3479
HIGHRES_IMU,205901739,-9.3479
HIGHRES_IMU,205908738,-9.3478
HIGHRES_IMU,205915658,-9.3479
HIGHRES_IMU,205929530,-9.3479
HIGHRES_IMU,205936462,-9.3478
HIGHRES_IMU,205943482,-9.3479
HIGHRES_IMU,205950383,-9.3479
HIGHRES_IMU,205957316,-9.3478
HIGHRES_IMU,205971179,-9.3478
HIGHRES_IMU,205978179,-9.3479
HIGHRES_IMU,205985076,-9.3478
HIGHRES_IMU,205992044,-9.3479
HIGHRES_IMU,206006018,-9.3479
HIGHRES_IMU,206012891,-9.3478
HIGHRES_IMU,206019782,-9.3479
HIGHRES_IMU,206026752,-9.3478
HIGHRES_IMU,206040661,-9.3478
HIGHRES_IMU,206047615,-9.3479
HIGHRES_IMU,206054598,-9.3478
HIGHRES_IMU,206068417,-9.3478
HIGHRES_IMU,206075376,-9.3479
HIGHRES_IMU,206082318,-9.3479
HIGHRES_IMU,206096184,-9.3479
HIGHRES_IMU,206103139,-9.3478
HIGHRES_IMU,206110118,-9.3479
HIGHRES_IMU,206117064,-9.3478
HIGHRES_IMU,206130904,-9.3478
HIGHRES_IMU,206137874,-9.3479
HIGHRES_IMU,206144846,-9.3478
HIGHRES_IMU,206151948,-9.3479
HIGHRES_IMU,206165837,-9.3479
HIGHRES_IMU,206172682,-9.3478
HIGHRES_IMU,206179630,-9.3479
HIGHRES_IMU,206186646,-9.3478
HIGHRES_IMU,206200530,-9.3478
HIGHRES_IMU,206207441,-9.3479
HIGHRES_IMU,206214592,-9.3478
HIGHRES_IMU,206221285,-9.3479
HIGHRES_IMU,206235199,-9.3478
HIGHRES_IMU,206242089,-9.3479
HIGHRES_IMU,206249092,-9.3478
HIGHRES_IMU,206256046,-9.3479
HIGHRES_IMU,206269868,-9.3479
HIGHRES_IMU,206276856,-9.3478
HIGHRES_IMU,206283836,-9.3479
HIGHRES_IMU,206290817,-9.3478
HIGHRES_IMU,206304641,-9.3478
HIGHRES_IMU,206311581,-9.3478
HIGHRES_IMU,206318478,-9.3478
HIGHRES_IMU,206325467,-9.3479
HIGHRES_IMU,206339306,-9.3479
HIGHRES_IMU,206346241,-9.3478
HIGHRES_IMU,206353172,-9.3479
HIGHRES_IMU,206360119,-9.3478
HIGHRES_IMU,206374063,-9.3478
HIGHRES_IMU,206381011,-9.3479
HIGHRES_IMU,206387937,-9.3478
HIGHRES_IMU,206401789,-9.3478
HIGHRES_IMU,206408763,-9.3478
HIGHRES_IMU,206415730,-9.3479
HIGHRES_IMU,206422857,-9.3478
HIGHRES_IMU,206436541,-9.3478
HIGHRES_IMU,206443511,-9.3479
HIGHRES_IMU,206450452,-9.3478
HIGHRES_IMU,206464375,-9.3478
HIGHRES_IMU,206471258,-9.3479
HIGHRES_IMU,206478211,-9.3478
HIGHRES_IMU,206485137,-9.3479
HIGHRES_IMU,206499030,-9.3478
HIGHRES_IMU,206506016,-9.3478
HIGHRES_IMU,206512931,-9.3478
HIGHRES_IMU,206519859,-9.3479
HIGHRES_IMU,206533734,-9.3478
HIGHRES_IMU,206540706,-9.3478
HIGHRES_IMU,206547777,-9.3479
HIGHRES_IMU,206561613,-9.3479
HIGHRES_IMU,206568514,-9.3478
HIGHRES_IMU,206575521,-9.3479
HIGHRES_IMU,206582431,-9.3478
HIGHRES_IMU,206596253,-9.3478
HIGHRES_IMU,206603242,-9.3478
HIGHRES_IMU,206610199,-9.3478
HIGHRES_IMU,206617199,-9.3478
HIGHRES_IMU,206631032,-9.3478
HIGHRES_IMU,206637991,-9.3478
HIGHRES_IMU,206644944,-9.3478
HIGHRES_IMU,206658842,-9.3478
HIGHRES_IMU,206665810,-9.3478
HIGHRES_IMU,206672720,-9.3478
HIGHRES_IMU,206679680,-9.3478
HIGHRES_IMU,206686847,-9.3478
HIGHRES_IMU,206700489,-9.3478
HIGHRES_IMU,206707505,-9.3478
HIGHRES_IMU,206714351,-9.3478
HIGHRES_IMU,206728237,-9.3478
HIGHRES_IMU,206735191,-9.3478
HIGHRES_IMU,206742154,-9.3478
HIGHRES_IMU,206749079,-9.3478
HIGHRES_IMU,206763004,-9.3478
HIGHRES_IMU,206769921,-9.3478
HIGHRES_IMU,206777943,-9.3478
HIGHRES_IMU,206783842,-9.3478
HIGHRES_IMU,206797746,-9.3478
HIGHRES_IMU,206804674,-9.3477
HIGHRES_IMU,206811579,-9.3478
HIGHRES_IMU,206818553,-9.3478
HIGHRES_IMU,206832627,-9.3478
HIGHRES_IMU,206839532,-9.3478
HIGHRES_IMU,206846463,-9.3478
HIGHRES_IMU,206860305,-9.3478
HIGHRES_IMU,206867268,-9.3478
HIGHRES_IMU,206874215,-9.3478
HIGHRES_IMU,206881194,-9.3478
HIGHRES_IMU,206894980,-9.3478
HIGHRES_IMU,206902038,-9.3478
HIGHRES_IMU,206908884,-9.3478
HIGHRES_IMU,206915934,-9.3477
HIGHRES_IMU,206929779,-9.3478
HIGHRES_IMU,206936773,-9.3478
HIGHRES_IMU,206943930,-9.3477
HIGHRES_IMU,206950573,-9.3478
HIGHRES_IMU,206964461,-9.3478
HIGHRES_IMU,206971447,-9.3478
HIGHRES_IMU,206978385,-9.3478
HIGHRES_IMU,206985335,-9.3478
HIGHRES_IMU,206992269,-9.3477
HIGHRES_IMU,207006139,-9.3477
HIGHRES_IMU,207013097,-9.3478
HIGHRES_IMU,207020079,-9.3478
HIGHRES_IMU,207027013,-9.3478
HIGHRES_IMU,207040918,-9.3478
HIGHRES_IMU,207047811,-9.3477
HIGHRES_IMU,207054767,-9.3478
HIGHRES_IMU,207061779,-9.3478
HIGHRES_IMU,207075633,-9.3477
HIGHRES_IMU,207082567,-9.3478
HIGHRES_IMU,207089588,-9.3477
HIGHRES_IMU,207103369,-9.3478
HIGHRES_IMU,207110331,-9.3477
HIGHRES_IMU,207117292,-9.3478
HIGHRES_IMU,207124234,-9.3477
HIGHRES_IMU,207138102,-9.3478
HIGHRES_IMU,207145289,-9.3477
HIGHRES_IMU,207151992,-9.3478
HIGHRES_IMU,207165867,-9.3478
HIGHRES_IMU,207172821,-9.3477
HIGHRES_IMU,207179753,-9.3478
HIGHRES_IMU,207186796,-9.3477
HIGHRES_IMU,207200601,-9.3477
HIGHRES_IMU,207207750,-9.3478
HIGHRES_IMU,207214525,-9.3477
HIGHRES_IMU,207221468,-9.3478
HIGHRES_IMU,207235344,-9.3477
HIGHRES_IMU,207242341,-9.3478
HIGHRES_IMU,207249249,-9.3477
HIGHRES_IMU,207256171,-9.3478
HIGHRES_IMU,207270038,-9.3478
HIGHRES_IMU,207277020,-9.3477
HIGHRES_IMU,207283968,-9.3478
HIGHRES_IMU,207290939,-9.3478
HIGHRES_IMU,207304797,-9.3478
HIGHRES_IMU,207311727,-9.3477
HIGHRES_IMU,207318687,-9.3478
HIGHRES_IMU,207325660,-9.3477
HIGHRES_IMU,207339522,-9.3477
HIGHRES_IMU,207346508,-9.3477
HIGHRES_IMU,207353425,-9.3478
HIGHRES_IMU,207360414,-9.3477
HIGHRES_IMU,207374291,-9.3477
HIGHRES_IMU,207381309,-9.3478
HIGHRES_IMU,207388173,-9.3477
HIGHRES_IMU,207395099,-9.3478
HIGHRES_IMU,207409000,-9.3477
HIGHRES_IMU,207415951,-9.3478
HIGHRES_IMU,207422900,-9.3477
HIGHRES_IMU,207436821,-9.3477
HIGHRES_IMU,207443779,-9.3478
HIGHRES_IMU,207450698,-9.3477
HIGHRES_IMU,207457617,-9.3478
HIGHRES_IMU,207471521,-9.3478
HIGHRES_IMU,207478452,-9.3477
HIGHRES_IMU,207485435,-9.3477
HIGHRES_IMU,207499285,-9.3477
HIGHRES_IMU,207506264,-9.3478
HIGHRES_IMU,207513214,-9.3477
HIGHRES_IMU,207520172,-9.3478
HIGHRES_IMU,207533996,-9.3477
HIGHRES_IMU,207540942,-9.3478
HIGHRES_IMU,207547945,-9.3477
HIGHRES_IMU,207554893,-9.3477
HIGHRES_IMU,207568799,-9.3478
HIGHRES_IMU,207575710,-9.3477
HIGHRES_IMU,207582696,-9.3477
HIGHRES_IMU,207596508,-9.3477
HIGHRES_IMU,207603460,-9.3477
HIGHRES_IMU,207610410,-9.3477
HIGHRES_IMU,207617362,-9.3477
HIGHRES_IMU,207624339,-9.3478
HIGHRES_IMU,207638219,-9.3477
HIGHRES_IMU,207645404,-9.3477
HIGHRES_IMU,207652154,-9.3477
HIGHRES_IMU,207665996,-9.3477
HIGHRES_IMU,207672948,-9.3477
HIGHRES_IMU,207679878,-9.3477
HIGHRES_IMU,207686808,-9.3477
HIGHRES_IMU,207700787,-9.3477
HIGHRES_IMU,207707685,-9.3478
HIGHRES_IMU,207714686,-9.3477
HIGHRES_IMU,207721583,-9.3477
HIGHRES_IMU,207735434,-9.3477
HIGHRES_IMU,207742418,-9.3477
HIGHRES_IMU,207749418,-9.3477
HIGHRES_IMU,207756300,-9.3477
HIGHRES_IMU,207770276,-9.3477
HIGHRES_IMU,207777207,-9.3477
HIGHRES_IMU,207784104,-9.3477
HIGHRES_IMU,207798170,-9.3476
HIGHRES_IMU,207804959,-9.3477
HIGHRES_IMU,207811995,-9.3477
HIGHRES_IMU,207818893,-9.3477
HIGHRES_IMU,207832770,-9.3477
HIGHRES_IMU,207839730,-9.3476
HIGHRES_IMU,207846637,-9.3477
HIGHRES_IMU,207853575,-9.3477
HIGHRES_IMU,207867452,-9.3477
HIGHRES_IMU,207874451,-9.3477
HIGHRES_IMU,207881386,-9.3477
HIGHRES_IMU,207895231,-9.3477
HIGHRES_IMU,207902159,-9.3476
HIGHRES_IMU,207909150,-9.3477
HIGHRES_IMU,207916148,-9.3477
HIGHRES_IMU,207929971,-9.3477
HIGHRES_IMU,207936995,-9.3477
HIGHRES_IMU,207943910,-9.3476
HIGHRES_IMU,207950914,-9.3477
HIGHRES_IMU,207964780,-9.3477
HIGHRES_IMU,207971647,-9.3476
HIGHRES_IMU,207978581,-9.3477
HIGHRES_IMU,207985569,-9.3477
HIGHRES_IMU,207999430,-9.3476
HIGHRES_IMU,208006388,-9.3477
HIGHRES_IMU,208013315,-9.3477
HIGHRES_IMU,208020332,-9.3477
HIGHRES_IMU,208027187,-9.3476
HIGHRES_IMU,208041067,-9.3476
HIGHRES_IMU,208048053,-9.3477
HIGHRES_IMU,208055030,-9.3476
HIGHRES_IMU,208068886,-9.3477
HIGHRES_IMU,208075879,-9.3476
HIGHRES_IMU,208082790,-9.3477
HIGHRES_IMU,208089693,-9.3476
HIGHRES_IMU,208103587,-9.3476
HIGHRES_IMU,208110601,-9.3477
HIGHRES_IMU,208118292,-9.3476
HIGHRES_IMU,208125167,-9.3478
HIGHRES_IMU,208139064,-9.3477
HIGHRES_IMU,208145978,-9.3476
HIGHRES_IMU,208152920,-9.3477
HIGHRES_IMU,208160138,-9.3476
HIGHRES_IMU,208173794,-9.3476
HIGHRES_IMU,208180709,-9.3477
HIGHRES_IMU,208187707,-9.3476
HIGHRES_IMU,208194612,-9.3477
HIGHRES_IMU,208208474,-9.3477
HIGHRES_IMU,208215520,-9.3476
HIGHRES_IMU,208222393,-9.3477
HIGHRES_IMU,208229271,-9.3476
HIGHRES_IMU,208243205,-9.3476
HIGHRES_IMU,208250149,-9.3477
HIGHRES_IMU,208257096,-9.3476
HIGHRES_IMU,208270961,-9.3476
HIGHRES_IMU,208277926,-9.3477
HIGHRES_IMU,208284872,-9.3476
HIGHRES_IMU,208291797,-9.3477
HIGHRES_IMU,208305760,-9.3476
HIGHRES_IMU,208312677,-9.3477
HIGHRES_IMU,208319683,-9.3476
HIGHRES_IMU,208326563,-9.3477
HIGHRES_IMU,208340443,-9.3477
HIGHRES_IMU,208347371,-9.3476
HIGHRES_IMU,208354322,-9.3476
HIGHRES_IMU,208361190,-9.3476
HIGHRES_IMU,208375146,-9.3476
HIGHRES_IMU,208382045,-9.3477
HIGHRES_IMU,208389011,-9.3476
HIGHRES_IMU,208402916,-9.3476
HIGHRES_IMU,208409839,-9.3476
HIGHRES_IMU,208416849,-9.3476
HIGHRES_IMU,208423820,-9.3476
HIGHRES_IMU,208437852,-9.3476
HIGHRES_IMU,208444689,-9.3476
HIGHRES_IMU,208451575,-9.3476
HIGHRES_IMU,208458553,-9.3476
HIGHRES_IMU,208472379,-9.3476
HIGHRES_IMU,208479312,-9.3477
HIGHRES_IMU,208486293,-9.3476
HIGHRES_IMU,208500184,-9.3476
HIGHRES_IMU,208507158,-9.3476
HIGHRES_IMU,208514070,-9.3477
HIGHRES_IMU,208520990,-9.3476
HIGHRES_IMU,208534983,-9.3476
HIGHRES_IMU,208541905,-9.3477
HIGHRES_IMU,208548797,-9.3476
HIGHRES_IMU,208555955,-9.3476
HIGHRES_IMU,208569693,-9.3476
HIGHRES_IMU,208576812,-9.3476
HIGHRES_IMU,208583514,-9.3476
HIGHRES_IMU,208590459,-9.3476
HIGHRES_IMU,208604364,-9.3476
HIGHRES_IMU,208611265,-9.3476
HIGHRES_IMU,208618168,-9.3476
HIGHRES_IMU,208632028,-9.3476
HIGHRES_IMU,208639051,-9.3476
HIGHRES_IMU,208645998,-9.3476
HIGHRES_IMU,208652999,-9.3476
HIGHRES_IMU,208659948,-9.3476
HIGHRES_IMU,208673846,-9.3476
HIGHRES_IMU,208680733,-9.3476
HIGHRES_IMU,208687652,-9.3476
HIGHRES_IMU,208701570,-9.3476
HIGHRES_IMU,208708494,-9.3476
HIGHRES_IMU,208715519,-9.3476
HIGHRES_IMU,208722737,-9.3476
HIGHRES_IMU,208736315,-9.3476
HIGHRES_IMU,208743292,-9.3476
HIGHRES_IMU,208750157,-9.3476
HIGHRES_IMU,208764053,-9.3476
HIGHRES_IMU,208771023,-9.3475
HIGHRES_IMU,208777922,-9.3476
HIGHRES_IMU,208791958,-9.3476
HIGHRES_IMU,208798883,-9.3476
HIGHRES_IMU,208805740,-9.3476
HIGHRES_IMU,208812647,-9.3476
HIGHRES_IMU,208826619,-9.3476
HIGHRES_IMU,208833461,-9.3476
HIGHRES_IMU,208840492,-9.3476
HIGHRES_IMU,208847348,-9.3476
HIGHRES_IMU,208861304,-9.3475
HIGHRES_IMU,208868228,-9.3476
HIGHRES_IMU,208875213,-9.3476
HIGHRES_IMU,208889057,-9.3476
HIGHRES_IMU,208896036,-9.3476
HIGHRES_IMU,208903003,-9.3476
HIGHRES_IMU,208909907,-9.3475
HIGHRES_IMU,208923798,-9.3476
HIGHRES_IMU,208930657,-9.3475
HIGHRES_IMU,208937648,-9.3476
HIGHRES_IMU,208951547,-9.3476
HIGHRES_IMU,208958527,-9.3475
HIGHRES_IMU,208965526,-9.3476
HIGHRES_IMU,208972462,-9.3475
HIGHRES_IMU,208986335,-9.3476
HIGHRES_IMU,208993238,-9.3475
HIGHRES_IMU,209000177,-9.3476
HIGHRES_IMU,209007147,-9.3475
HIGHRES_IMU,209020976,-9.3476
HIGHRES_IMU,209027928,-9.3475
HIGHRES_IMU,209034892,-9.3476
HIGHRES_IMU,209041867,-9.3476
HIGHRES_IMU,209055708,-9.3476
HIGHRES_IMU,209062666,-9.3475
HIGHRES_IMU,209069615,-9.3476
HIGHRES_IMU,209083508,-9.3475
HIGHRES_IMU,209090438,-9.3476
HIGHRES_IMU,209097398,-9.3475
HIGHRES_IMU,209104388,-9.3476
HIGHRES_IMU,209118300,-9.3475
HIGHRES_IMU,209125205,-9.3476
HIGHRES_IMU,209132190,-9.3476
HIGHRES_IMU,209139144,-9.3475
HIGHRES_IMU,209146081,-9.3476
HIGHRES_IMU,209159915,-9.3475
HIGHRES_IMU,209166860,-9.3476
HIGHRES_IMU,209173836,-9.3476
HIGHRES_IMU,209187717,-9.3476
HIGHRES_IMU,209194757,-9.3475
HIGHRES_IMU,209201607,-9.3476
HIGHRES_IMU,209208554,-9.3475
HIGHRES_IMU,209222425,-9.3475
HIGHRES_IMU,209229392,-9.3476
HIGHRES_IMU,209236382,-9.3475
HIGHRES_IMU,209243283,-9.3476
HIGHRES_IMU,209257150,-9.3476
HIGHRES_IMU,209264131,-9.3476
HIGHRES_IMU,209271063,-9.3475
HIGHRES_IMU,209278026,-9.3476
HIGHRES_IMU,209291973,-9.3475
HIGHRES_IMU,209298917,-9.3476
HIGHRES_IMU,209305895,-9.3476
HIGHRES_IMU,209319701,-9.3476
HIGHRES_IMU,209326617,-9.3475
HIGHRES_IMU,209333668,-9.3476
HIGHRES_IMU,209340571,-9.3475
HIGHRES_IMU,209354406,-9.3476
HIGHRES_IMU,209361338,-9.3475
HIGHRES_IMU,209368345,-9.3476
HIGHRES_IMU,209382236,-9.3475
HIGHRES_IMU,209389171,-9.3476
HIGHRES_IMU,209396129,-9.3476
HIGHRES_IMU,209403097,-9.3475
HIGHRES_IMU,209416912,-9.3475
HIGHRES_IMU,209423899,-9.3476
HIGHRES_IMU,209430739,-9.3475
HIGHRES_IMU,209437755,-9.3475
HIGHRES_IMU,209451646,-9.3475
HIGHRES_IMU,209458700,-9.3475
HIGHRES_IMU,209465645,-9.3475
HIGHRES_IMU,209472477,-9.3475
HIGHRES_IMU,209486341,-9.3476
HIGHRES_IMU,209493340,-9.3475
HIGHRES_IMU,209500251,-9.3476
HIGHRES_IMU,209514110,-9.3476
HIGHRES_IMU,209521068,-9.3475
HIGHRES_IMU,209527970,-9.3475
HIGHRES_IMU,209534962,-9.3475
HIGHRES_IMU,209548827,-9.3475
HIGHRES_IMU,209555826,-9.3475
HIGHRES_IMU,209562764,-9.3475
HIGHRES_IMU,209569675,-9.3476
HIGHRES_IMU,209583567,-9.3476
HIGHRES_IMU,209590505,-9.3475
HIGHRES_IMU,209597444,-9.3475
HIGHRES_IMU,209604427,-9.3476
HIGHRES_IMU,209618303,-9.3476
HIGHRES_IMU,209625272,-9.3475
HIGHRES_IMU,209632288,-9.3475
HIGHRES_IMU,209639153,-9.3475
HIGHRES_IMU,209653057,-9.3475
HIGHRES_IMU,209659967,-9.3476
HIGHRES_IMU,209666903,-9.3475
HIGHRES_IMU,209680821,-9.3476
HIGHRES_IMU,209687823,-9.3475
HIGHRES_IMU,209694734,-9.3475
HIGHRES_IMU,209701640,-9.3475
HIGHRES_IMU,209715554,-9.3475
HIGHRES_IMU,209722509,-9.3475
HIGHRES_IMU,209729396,-9.3475
HIGHRES_IMU,209736427,-9.3475
HIGHRES_IMU,209750321,-9.3475
HIGHRES_IMU,209757268,-9.3475
HIGHRES_IMU,209764289,-9.3475
HIGHRES_IMU,209778060,-9.3475
HIGHRES_IMU,209784991,-9.3475
HIGHRES_IMU,209792104,-9.3475
HIGHRES_IMU,209798859,-9.3475
HIGHRES_IMU,209812818,-9.3474
HIGHRES_IMU,209819766,-9.3475
HIGHRES_IMU,209826723,-9.3475
HIGHRES_IMU,209840557,-9.3475
HIGHRES_IMU,209847670,-9.3475
HIGHRES_IMU,209854447,-9.3475
HIGHRES_IMU,209861388,-9.3475
HIGHRES_IMU,209875308,-9.3475
HIGHRES_IMU,209882291,-9.3475
HIGHRES_IMU,209889178,-9.3475
HIGHRES_IMU,209896190,-9.3475
HIGHRES_IMU,209909979,-9.3475
HIGHRES_IMU,209917012,-9.3475
HIGHRES_IMU,209923947,-9.3475
HIGHRES_IMU,209930809,-9.3475
HIGHRES_IMU,209944793,-9.3475
HIGHRES_IMU,209951706,-9.3475
HIGHRES_IMU,209958625,-9.3475
HIGHRES_IMU,209965681,-9.3475
HIGHRES_IMU,209979432,-9.3475
HIGHRES_IMU,209986403,-9.3475
HIGHRES_IMU,209993422,-9.3475
HIGHRES_IMU,210007393,-9.3475
HIGHRES_IMU,210014227,-9.3475
HIGHRES_IMU,210021134,-9.3475
HIGHRES_IMU,210028093,-9.3475
HIGHRES_IMU,210041957,-9.3471
HIGHRES_IMU,210048865,-9.3480
HIGHRES_IMU,210055826,-9.3473
HIGHRES_IMU,210062843,-9.3476
HIGHRES_IMU,210076731,-9.3470
HIGHRES_IMU,210083720,-9.3477
HIGHRES_IMU,210090646,-9.3475
HIGHRES_IMU,210104494,-9.3474
HIGHRES_IMU,210111431,-9.3475
HIGHRES_IMU,210118360,-9.3475
HIGHRES_IMU,210125284,-9.3475
HIGHRES_IMU,210132241,-9.3474
HIGHRES_IMU,210146204,-9.3475
HIGHRES_IMU,210153184,-9.3474
HIGHRES_IMU,210160072,-9.3475
HIGHRES_IMU,210174041,-9.3475
HIGHRES_IMU,210180918,-9.3475
HIGHRES_IMU,210187912,-9.3474
HIGHRES_IMU,210194791,-9.3475
HIGHRES_IMU,210208640,-9.3471
HIGHRES_IMU,210215586,-9.3480
HIGHRES_IMU,210222577,-9.3473
HIGHRES_IMU,210236476,-9.3478
HIGHRES_IMU,210243456,-9.3470
HIGHRES_IMU,210250363,-9.3477
HIGHRES_IMU,210257326,-9.3475
HIGHRES_IMU,210264230,-9.3475
HIGHRES_IMU,210278317,-9.3475
HIGHRES_IMU,210285153,-9.3474
HIGHRES_IMU,210292090,-9.3475
HIGHRES_IMU,210305927,-9.3475
HIGHRES_IMU,210312900,-9.3475
HIGHRES_IMU,210319812,-9.3474
HIGHRES_IMU,210326770,-9.3474
HIGHRES_IMU,210340622,-9.3475
HIGHRES_IMU,210347586,-9.3474
HIGHRES_IMU,210354512,-9.3474
HIGHRES_IMU,210368433,-9.3474
HIGHRES_IMU,210375394,-9.3475
HIGHRES_IMU,210382287,-9.3475
HIGHRES_IMU,210389283,-9.3475
HIGHRES_IMU,210403130,-9.3475
HIGHRES_IMU,210410077,-9.3475
HIGHRES_IMU,210417045,-9.3474
HIGHRES_IMU,210430976,-9.3475
HIGHRES_IMU,210437865,-9.3475
HIGHRES_IMU,210444842,-9.3474
HIGHRES_IMU,210451823,-9.3475
HIGHRES_IMU,210465645,-9.3474
HIGHRES_IMU,210472598,-9.3475
HIGHRES_IMU,210479522,-9.3475
HIGHRES_IMU,210486499,-9.3474
HIGHRES_IMU,210500346,-9.3475
HIGHRES_IMU,210507312,-9.3474
HIGHRES_IMU,210514276,-9.3475
HIGHRES_IMU,210521191,-9.3475
HIGHRES_IMU,210535161,-9.3471
HIGHRES_IMU,210542094,-9.3480
HIGHRES_IMU,210549100,-9.3473
HIGHRES_IMU,210555942,-9.3475
HIGHRES_IMU,210569820,-9.3469
HIGHRES_IMU,210576805,-9.3477
HIGHRES_IMU,210583767,-9.3474
HIGHRES_IMU,210597593,-9.3475
HIGHRES_IMU,210604557,-9.3474
HIGHRES_IMU,210611577,-9.3474
HIGHRES_IMU,210619072,-9.3474
HIGHRES_IMU,210626013,-9.3475
HIGHRES_IMU,210632966,-9.3470
HIGHRES_IMU,210646885,-9.3472
HIGHRES_IMU,210653845,-9.3475
HIGHRES_IMU,210660749,-9.3478
HIGHRES_IMU,210667720,-9.3469
HIGHRES_IMU,210681594,-9.3474
HIGHRES_IMU,210688568,-9.3471
HIGHRES_IMU,210695457,-9.3480
HIGHRES_IMU,210709326,-9.3475
HIGHRES_IMU,210716309,-9.3478
HIGHRES_IMU,210723251,-9.3469
HIGHRES_IMU,210730160,-9.3477
HIGHRES_IMU,210744074,-9.3471
HIGHRES_IMU,210751025,-9.3480
HIGHRES_IMU,210757966,-9.3472
HIGHRES_IMU,210772059,-9.3475
HIGHRES_IMU,210778953,-9.3478
HIGHRES_IMU,210785772,-9.3469
HIGHRES_IMU,210792726,-9.3477
HIGHRES_IMU,210806627,-9.3474
HIGHRES_IMU,210813646,-9.3474
HIGHRES_IMU,210820671,-9.3474
HIGHRES_IMU,210827397,-9.3474
HIGHRES_IMU,210834453,-9.3470
HIGHRES_IMU,210848341,-9.3472
HIGHRES_IMU,210855254,-9.3475
HIGHRES_IMU,210862128,-9.3474
HIGHRES_IMU,210869108,-9.3477
HIGHRES_IMU,210882953,-9.3476
HIGHRES_IMU,210889970,-9.3474
HIGHRES_IMU,210896904,-9.3474
HIGHRES_IMU,210910804,-9.3474
HIGHRES_IMU,210917760,-9.3474
HIGHRES_IMU,210924748,-9.3474
HIGHRES_IMU,210931536,-9.3474
HIGHRES_IMU,210945446,-9.3474
HIGHRES_IMU,210952412,-9.3474
HIGHRES_IMU,210959406,-9.3474
HIGHRES_IMU,210966356,-9.3474
HIGHRES_IMU,210980239,-9.3474
HIGHRES_IMU,210987334,-9.3474
HIGHRES_IMU,210994070,-9.3474
HIGHRES_IMU,211001046,-9.3474
HIGHRES_IMU,211014914,-9.3480
HIGHRES_IMU,211021892,-9.3472
HIGHRES_IMU,211028758,-9.3475
HIGHRES_IMU,211035767,-9.3477
HIGHRES_IMU,211042800,-9.3469
HIGHRES_IMU,211056631,-9.3474
HIGHRES_IMU,211063619,-9.3474
HIGHRES_IMU,211070496,-9.3474
HIGHRES_IMU,211077419,-9.3474
HIGHRES_IMU,211091311,-9.3474
HIGHRES_IMU,211098208,-9.3474
HIGHRES_IMU,211105188,-9.3474
HIGHRES_IMU,211112213,-9.3470
HIGHRES_IMU,211126021,-9.3472
HIGHRES_IMU,211133054,-9.3475
HIGHRES_IMU,211139986,-9.3477
HIGHRES_IMU,211146859,-9.3469
HIGHRES_IMU,211160694,-9.3474
HIGHRES_IMU,211167724,-9.3474
HIGHRES_IMU,211174596,-9.3471
HIGHRES_IMU,211181534,-9.3479
HIGHRES_IMU,211195466,-9.3475
HIGHRES_IMU,211202422,-9.3477
HIGHRES_IMU,211209361,-9.3469
HIGHRES_IMU,211216308,-9.3476
HIGHRES_IMU,211230165,-9.3474
HIGHRES_IMU,211237120,-9.3470
HIGHRES_IMU,211244066,-9.3479
HIGHRES_IMU,211251010,-9.3472
HIGHRES_IMU,211264985,-9.3473
HIGHRES_IMU,211271873,-9.3478
HIGHRES_IMU,211278804,-9.3468
HIGHRES_IMU,211285751,-9.3476
HIGHRES_IMU,211299561,-9.3470
HIGHRES_IMU,211306586,-9.3479
HIGHRES_IMU,211313519,-9.3472
HIGHRES_IMU,211320473,-9.3474
HIGHRES_IMU,211334375,-9.3469
HIGHRES_IMU,211341288,-9.3476
HIGHRES_IMU,211348226,-9.3474
HIGHRES_IMU,211355273,-9.3470
HIGHRES_IMU,211369238,-9.3472
HIGHRES_IMU,211376062,-9.3473
HIGHRES_IMU,211383046,-9.3478
HIGHRES_IMU,211389948,-9.3468
HIGHRES_IMU,211403827,-9.3473
HIGHRES_IMU,211410798,-9.3474
HIGHRES_IMU,211417669,-9.3473
HIGHRES_IMU,211424605,-9.3474
HIGHRES_IMU,211438568,-9.3474
HIGHRES_IMU,211445528,-9.3473
HIGHRES_IMU,211452484,-9.3474
HIGHRES_IMU,211459419,-9.3474
HIGHRES_IMU,211473294,-9.3474
HIGHRES_IMU,211480211,-9.3473
HIGHRES_IMU,211487135,-9.3474
HIGHRES_IMU,211501056,-9.3473
HIGHRES_IMU,211508053,-9.3474
HIGHRES_IMU,211514973,-9.3474
HIGHRES_IMU,211528826,-9.3473
HIGHRES_IMU,211535822,-9.3474
HIGHRES_IMU,211542946,-9.3474
HIGHRES_IMU,211549653,-9.3473
HIGHRES_IMU,211563626,-9.3479
HIGHRES_IMU,211570571,-9.3471
HIGHRES_IMU,211577608,-9.3474
HIGHRES_IMU,211584493,-9.3474
HIGHRES_IMU,211598371,-9.3474
HIGHRES_IMU,211605375,-9.3474
HIGHRES_IMU,211612310,-9.3473
HIGHRES_IMU,211626154,-9.3473
HIGHRES_IMU,211633305,-9.3474
HIGHRES_IMU,211640094,-9.3473
HIGHRES_IMU,211646980,-9.3477
HIGHRES_IMU,211660847,-9.3475
HIGHRES_IMU,211668116,-9.3473
HIGHRES_IMU,211674818,-9.3470
HIGHRES_IMU,211681791,-9.3479
HIGHRES_IMU,211695553,-9.3473
HIGHRES_IMU,211702553,-9.3474
HIGHRES_IMU,211709474,-9.3474
HIGHRES_IMU,211716455,-9.3473
HIGHRES_IMU,211730325,-9.3473
HIGHRES_IMU,211737301,-9.3474
HIGHRES_IMU,211744265,-9.3473
HIGHRES_IMU,211751159,-9.3474
HIGHRES_IMU,211765018,-9.3474
HIGHRES_IMU,211772029,-9.3473
HIGHRES_IMU,211778930,-9.3477
HIGHRES_IMU,211785926,-9.3468
HIGHRES_IMU,211799738,-9.3473
HIGHRES_IMU,211806766,-9.3473
HIGHRES_IMU,211813723,-9.3473
HIGHRES_IMU,211820619,-9.3470
HIGHRES_IMU,211834587,-9.3471
HIGHRES_IMU,211841490,-9.3472
HIGHRES_IMU,211848416,-9.3473
HIGHRES_IMU,211855358,-9.3474
HIGHRES_IMU,211869257,-9.3474
HIGHRES_IMU,211876180,-9.3473
HIGHRES_IMU,211883125,-9.3474
HIGHRES_IMU,211890011,-9.3473
HIGHRES_IMU,211903995,-9.3473
HIGHRES_IMU,211910971,-9.3474
HIGHRES_IMU,211917878,-9.3473
HIGHRES_IMU,211931783,-9.3473
HIGHRES_IMU,211938715,-9.3473
HIGHRES_IMU,211945688,-9.3473
HIGHRES_IMU,211952654,-9.3473
HIGHRES_IMU,211966612,-9.3473
HIGHRES_IMU,211973788,-9.3474
HIGHRES_IMU,211980921,-9.3472
HIGHRES_IMU,211994402,-9.3473
HIGHRES_IMU,212001253,-9.3473
HIGHRES_IMU,212008142,-9.3473
HIGHRES_IMU,212015091,-9.3474
HIGHRES_IMU,212028983,-9.3473
HIGHRES_IMU,212035913,-9.3474
HIGHRES_IMU,212042889,-9.3472
HIGHRES_IMU,212049801,-9.3474
HIGHRES_IMU,212063706,-9.3473
HIGHRES_IMU,212070662,-9.3473
HIGHRES_IMU,212077613,-9.3473
HIGHRES_IMU,212084604,-9.3473
HIGHRES_IMU,212098394,-9.3473
HIGHRES_IMU,212105394,-9.3472
HIGHRES_IMU,212112363,-9.3473
HIGHRES_IMU,212119357,-9.3473
HIGHRES_IMU,212133219,-9.3472
HIGHRES_IMU,212140173,-9.3473
HIGHRES_IMU,212147072,-9.3473
HIGHRES_IMU,212154024,-9.3472
HIGHRES_IMU,212167931,-9.3473
HIGHRES_IMU,212174873,-9.3473
HIGHRES_IMU,212181912,-9.3473
HIGHRES_IMU,212195629,-9.3473
HIGHRES_IMU,212202606,-9.3473
HIGHRES_IMU,212209561,-9.3473
HIGHRES_IMU,212216630,-9.3473
HIGHRES_IMU,212230375,-9.3473
HIGHRES_IMU,212237358,-9.3473
HIGHRES_IMU,212244303,-9.3472
HIGHRES_IMU,212251275,-9.3473
HIGHRES_IMU,212265167,-9.3473
HIGHRES_IMU,212272241,-9.3472
HIGHRES_IMU,212279068,-9.3472
HIGHRES_IMU,212286087,-9.3473
HIGHRES_IMU,212299868,-9.3473
HIGHRES_IMU,212306902,-9.3472
HIGHRES_IMU,212313834,-9.3473
HIGHRES_IMU,212320766,-9.3472
HIGHRES_IMU,212334632,-9.3473
HIGHRES_IMU,212341587,-9.3472
HIGHRES_IMU,212348554,-9.3473
HIGHRES_IMU,212362389,-9.3473
HIGHRES_IMU,212369351,-9.3472
HIGHRES_IMU,212376313,-9.3473
HIGHRES_IMU,212383392,-9.3472
HIGHRES_IMU,212397142,-9.3472
HIGHRES_IMU,212404069,-9.3473
HIGHRES_IMU,212411053,-9.3472
HIGHRES_IMU,212417909,-9.3473
HIGHRES_IMU,212431859,-9.3473
HIGHRES_IMU,212438772,-9.3472
HIGHRES_IMU,212445771,-9.3472
HIGHRES_IMU,212459677,-9.3476
HIGHRES_IMU,212466597,-9.3467
HIGHRES_IMU,212473614,-9.3474
HIGHRES_IMU,212480479,-9.3472
HIGHRES_IMU,212494369,-9.3477
HIGHRES_IMU,212501303,-9.3471
HIGHRES_IMU,212508278,-9.3471
HIGHRES_IMU,212515228,-9.3473
HIGHRES_IMU,212529097,-9.3472
HIGHRES_IMU,212536040,-9.3473
HIGHRES_IMU,212542957,-9.3472
HIGHRES_IMU,212549903,-9.3473
HIGHRES_IMU,212556906,-9.3472
HIGHRES_IMU,212570825,-9.3473
HIGHRES_IMU,212577720,-9.3472
HIGHRES_IMU,212584679,-9.3472
HIGHRES_IMU,212591634,-9.3473
HIGHRES_IMU,212605563,-9.3473
HIGHRES_IMU,212612545,-9.3472
HIGHRES_IMU,212619421,-9.3473
HIGHRES_IMU,212633305,-9.3473
HIGHRES_IMU,212640225,-9.3472
HIGHRES_IMU,212647173,-9.3472
HIGHRES_IMU,212654120,-9.3473
HIGHRES_IMU,212668018,-9.3472
HIGHRES_IMU,212674971,-9.3473
HIGHRES_IMU,212681909,-9.3472
HIGHRES_IMU,212688859,-9.3473
HIGHRES_IMU,212702780,-9.3473
HIGHRES_IMU,212709719,-9.3472
HIGHRES_IMU,212716631,-9.3473
HIGHRES_IMU,212723578,-9.3472
HIGHRES_IMU,212737518,-9.3472
HIGHRES_IMU,212744435,-9.3473
HIGHRES_IMU,212751410,-9.3472
HIGHRES_IMU,212758401,-9.3472
HIGHRES_IMU,212772264,-9.3473
HIGHRES_IMU,212779175,-9.3472
HIGHRES_IMU,212786169,-9.3473
HIGHRES_IMU,212800053,-9.3472
HIGHRES_IMU,212807014,-9.3472
HIGHRES_IMU,212814143,-9.3473
HIGHRES_IMU,212820987,-9.3472
HIGHRES_IMU,212834861,-9.3472
HIGHRES_IMU,212841722,-9.3472
HIGHRES_IMU,212848691,-9.3472
HIGHRES_IMU,212855633,-9.3472
HIGHRES_IMU,212869543,-9.3472
HIGHRES_IMU,212876464,-9.3472
HIGHRES_IMU,212883388,-9.3472
HIGHRES_IMU,212890316,-9.3471
HIGHRES_IMU,212904249,-9.3472
HIGHRES_IMU,212911185,-9.3472
HIGHRES_IMU,212918149,-9.3471
HIGHRES_IMU,212925138,-9.3472
HIGHRES_IMU,212939117,-9.3472
HIGHRES_IMU,212945935,-9.3472
HIGHRES_IMU,212952907,-9.3472
HIGHRES_IMU,212966717,-9.3472
HIGHRES_IMU,212973727,-9.3472
HIGHRES_IMU,212980655,-9.3472
HIGHRES_IMU,212994654,-9.3472
HIGHRES_IMU,213001540,-9.3472
HIGHRES_IMU,213008493,-9.3472
HIGHRES_IMU,213015386,-9.3472
HIGHRES_IMU,213029230,-9.3472
HIGHRES_IMU,213036281,-9.3472
HIGHRES_IMU,213043187,-9.3472
HIGHRES_IMU,213050133,-9.3472
HIGHRES_IMU,213057086,-9.3472
HIGHRES_IMU,213070971,-9.3471
HIGHRES_IMU,213078028,-9.3472
HIGHRES_IMU,213084877,-9.3472
HIGHRES_IMU,213091849,-9.3472
HIGHRES_IMU,213105683,-9.3472
HIGHRES_IMU,213112662,-9.3472
HIGHRES_IMU,213119595,-9.3472
HIGHRES_IMU,213133477,-9.3472
HIGHRES_IMU,213140431,-9.3472
HIGHRES_IMU,213147514,-9.3472
HIGHRES_IMU,213154376,-9.3472
HIGHRES_IMU,213168232,-9.3471
HIGHRES_IMU,213175247,-9.3472
HIGHRES_IMU,213182218,-9.3471
HIGHRES_IMU,213189066,-9.3472
HIGHRES_IMU,213195963,-9.3471
HIGHRES_IMU,213209876,-9.3471
HIGHRES_IMU,213216816,-9.3472
HIGHRES_IMU,213223805,-9.3472
HIGHRES_IMU,213230697,-9.3471
HIGHRES_IMU,213244646,-9.3471
HIGHRES_IMU,213251566,-9.3471
HIGHRES_IMU,213258562,-9.3472
HIGHRES_IMU,213272410,-9.3472
HIGHRES_IMU,213279315,-9.3471
HIGHRES_IMU,213286319,-9.3472
HIGHRES_IMU,213293206,-9.3472
HIGHRES_IMU,213300112,-9.3471
HIGHRES_IMU,213314057,-9.3471
HIGHRES_IMU,213321002,-9.3472
HIGHRES_IMU,213327884,-9.3471
HIGHRES_IMU,213334900,-9.3472
HIGHRES_IMU,213348804,-9.3472
HIGHRES_IMU,213355743,-9.3471
HIGHRES_IMU,213362732,-9.3472
HIGHRES_IMU,213376513,-9.3472
HIGHRES_IMU,213383452,-9.3471
HIGHRES_IMU,213390397,-9.3472
HIGHRES_IMU,213397342,-9.3471
HIGHRES_IMU,213411290,-9.3471
HIGHRES_IMU,213418219,-9.3472
HIGHRES_IMU,213425214,-9.3471
HIGHRES_IMU,213432139,-9.3472
HIGHRES_IMU,213446037,-9.3472
HIGHRES_IMU,213452947,-9.3471
HIGHRES_IMU,213459856,-9.3472
HIGHRES_IMU,213466809,-9.3471
HIGHRES_IMU,213480706,-9.3471
HIGHRES_IMU,213487655,-9.3471
HIGHRES_IMU,213494624,-9.3472
HIGHRES_IMU,213501640,-9.3471
HIGHRES_IMU,213515506,-9.3471
HIGHRES_IMU,213522400,-9.3471
HIGHRES_IMU,213529329,-9.3471
HIGHRES_IMU,213536282,-9.3472
HIGHRES_IMU,213550257,-9.3472
HIGHRES_IMU,213557203,-9.3471
HIGHRES_IMU,213564118,-9.3471
HIGHRES_IMU,213571047,-9.3472
HIGHRES_IMU,213585046,-9.3472
HIGHRES_IMU,213591851,-9.3471
HIGHRES_IMU,213598772,-9.3472
HIGHRES_IMU,213612719,-9.3471
HIGHRES_IMU,213619618,-9.3472
HIGHRES_IMU,213626561,-9.3471
HIGHRES_IMU,213633466,-9.3472
HIGHRES_IMU,213647415,-9.3472
HIGHRES_IMU,213654366,-9.3471
HIGHRES_IMU,213661345,-9.3471
HIGHRES_IMU,213668197,-9.3471
HIGHRES_IMU,213682100,-9.3471
HIGHRES_IMU,213689041,-9.3471
HIGHRES_IMU,213695985,-9.3471
HIGHRES_IMU,213702950,-9.3471
HIGHRES_IMU,213716844,-9.3470
HIGHRES_IMU,213723765,-9.3472
HIGHRES_IMU,213730769,-9.3471
HIGHRES_IMU,213737675,-9.3471
HIGHRES_IMU,213751576,-9.3471
HIGHRES_IMU,213758510,-9.3471
HIGHRES_IMU,213765441,-9.3471
HIGHRES_IMU,213772425,-9.3471
HIGHRES_IMU,213786317,-9.3471
HIGHRES_IMU,213793239,-9.3471
HIGHRES_IMU,213800133,-9.3471
HIGHRES_IMU,213807114,-9.3471
HIGHRES_IMU,213821015,-9.3471
HIGHRES_IMU,213827914,-9.3471
HIGHRES_IMU,213834884,-9.3471
HIGHRES_IMU,213841829,-9.3471
HIGHRES_IMU,213855733,-9.3471
HIGHRES_IMU,213862720,-9.3471
HIGHRES_IMU,213869647,-9.3471
HIGHRES_IMU,213876650,-9.3471
HIGHRES_IMU,213890508,-9.3471
HIGHRES_IMU,213897398,-9.3470
HIGHRES_IMU,213904428,-9.3471
HIGHRES_IMU,213911363,-9.3471
HIGHRES_IMU,213925237,-9.3471
HIGHRES_IMU,213932387,-9.3471
HIGHRES_IMU,213939274,-9.3471
HIGHRES_IMU,213946267,-9.3471
HIGHRES_IMU,213960107,-9.3471
HIGHRES_IMU,213967029,-9.3470
HIGHRES_IMU,213973984,-9.3471
HIGHRES_IMU,213987872,-9.3471
HIGHRES_IMU,213994782,-9.3471
HIGHRES_IMU,214001734,-9.3471
HIGHRES_IMU,214008803,-9.3471
HIGHRES_IMU,214022626,-9.3470
HIGHRES_IMU,214029531,-9.3471
HIGHRES_IMU,214036491,-9.3471
HIGHRES_IMU,214043433,-9.3471
HIGHRES_IMU,214057328,-9.3470
HIGHRES_IMU,214064271,-9.3471
HIGHRES_IMU,214071199,-9.3471
HIGHRES_IMU,214078162,-9.3471
HIGHRES_IMU,214092067,-9.3471
HIGHRES_IMU,214099030,-9.3470
HIGHRES_IMU,214106007,-9.3471
HIGHRES_IMU,214119956,-9.3471
HIGHRES_IMU,214126853,-9.3470
HIGHRES_IMU,214133738,-9.3471
HIGHRES_IMU,214140706,-9.3470
HIGHRES_IMU,214154608,-9.3470
HIGHRES_IMU,214161504,-9.3471
HIGHRES_IMU,214168538,-9.3470
HIGHRES_IMU,214175416,-9.3471
HIGHRES_IMU,214189335,-9.3471
HIGHRES_IMU,214196270,-9.3470
HIGHRES_IMU,214203250,-9.3471
HIGHRES_IMU,214217099,-9.3470
HIGHRES_IMU,214224084,-9.3471
HIGHRES_IMU,214231020,-9.3471
HIGHRES_IMU,214238022,-9.3470
HIGHRES_IMU,214251945,-9.3470
HIGHRES_IMU,214258932,-9.3471
HIGHRES_IMU,214265719,-9.3471
HIGHRES_IMU,214272770,-9.3471
HIGHRES_IMU,214286609,-9.3471
HIGHRES_IMU,214293532,-9.3470
HIGHRES_IMU,214300479,-9.3470
HIGHRES_IMU,214314379,-9.3470
HIGHRES_IMU,214321358,-9.3471
HIGHRES_IMU,214328400,-9.3470
HIGHRES_IMU,214335383,-9.3470
HIGHRES_IMU,214349107,-9.3471
HIGHRES_IMU,214356087,-9.3470
HIGHRES_IMU,214362993,-9.3471
HIGHRES_IMU,214369944,-9.3470
HIGHRES_IMU,214383897,-9.3470
HIGHRES_IMU,214390736,-9.3471
HIGHRES_IMU,214397708,-9.3470
HIGHRES_IMU,214404638,-9.3471
HIGHRES_IMU,214418571,-9.3471
HIGHRES_IMU,214425496,-9.3470
HIGHRES_IMU,214432439,-9.3471
